Episode,0,Reward,-7.2493215
Episode,0,Reward,-6.9105515
Episode,0,Reward,-7.248107
Episode,0,Reward,-7.6286044
Episode,0,Reward,-7.8078547
Episode,0,Reward,-7.215055108343561
Episode,0,Reward,-7.5028224
Episode,0,Reward,-7.525966
Episode,0,Reward,-7.811149
Episode,1,Reward,-7.472094
Episode,2,Reward,-7.4422193
Episode,3,Reward,-8.193923
Episode,4,Reward,-8.415202
Episode,5,Reward,-7.675392
Episode,6,Reward,-7.3080225
Episode,7,Reward,-7.391049
Episode,8,Reward,-7.2753744
Episode,9,Reward,-7.447171
Episode,10,Reward,-7.22839
Episode,11,Reward,-7.544213
Episode,12,Reward,-6.997805
Episode,13,Reward,-6.8367033
Episode,14,Reward,-7.1347504
Episode,15,Reward,-6.6879783
Episode,16,Reward,-6.560097
Episode,17,Reward,-6.940051
Episode,18,Reward,-6.736771
Episode,19,Reward,-6.503802
Episode,20,Reward,-6.757356
Episode,21,Reward,-6.6793027
Episode,22,Reward,-6.2471576
Episode,23,Reward,-6.383824
Episode,24,Reward,-6.5593333
Episode,25,Reward,-6.8514094
Episode,26,Reward,-6.4729557
Episode,27,Reward,-6.8016615
Episode,28,Reward,-6.399133
Episode,29,Reward,-6.6287913
Episode,30,Reward,-6.941814
Episode,31,Reward,-6.0683665
Episode,32,Reward,-5.803951
Episode,33,Reward,-6.5172744
Episode,34,Reward,-6.166728
Episode,35,Reward,-5.997608
Episode,36,Reward,-6.202248
Episode,37,Reward,-5.779101
Episode,38,Reward,-5.5552716
Episode,39,Reward,-5.7843
Episode,40,Reward,-5.8960004
Episode,41,Reward,-5.562279
Episode,42,Reward,-5.9824705
Episode,43,Reward,-5.6606655
Episode,44,Reward,-5.6830177
Episode,45,Reward,-5.6474204
Episode,46,Reward,-5.632403
Episode,47,Reward,-5.6765
Episode,48,Reward,-5.541829
Episode,49,Reward,-5.9593
Episode,50,Reward,-5.555902
Episode,51,Reward,-5.663392
Episode,52,Reward,-5.5832095
Episode,53,Reward,-5.770737
Episode,54,Reward,-5.392404
Episode,55,Reward,-5.6414385
Episode,56,Reward,-5.3489227
Episode,57,Reward,-5.620419
Episode,58,Reward,-5.694146
Episode,59,Reward,-5.5919228
Episode,60,Reward,-5.0763645
Episode,61,Reward,-4.971377
Episode,62,Reward,-5.1332717
Episode,63,Reward,-5.506352
Episode,64,Reward,-5.7461476
Episode,65,Reward,-5.349093
Episode,66,Reward,-5.2179523
Episode,67,Reward,-5.587476
Episode,68,Reward,-5.3068347
Episode,69,Reward,-5.2147584
Episode,70,Reward,-4.973202
Episode,71,Reward,-5.343596
Episode,72,Reward,-5.3488646
Episode,73,Reward,-5.2221622
Episode,74,Reward,-5.3531303
Episode,75,Reward,-5.226679
Episode,76,Reward,-5.205257
Episode,77,Reward,-5.068615
Episode,78,Reward,-4.9051156
Episode,79,Reward,-4.8962126
Episode,80,Reward,-5.08116
Episode,81,Reward,-5.1293902
Episode,82,Reward,-5.279648
Episode,83,Reward,-4.8491354
Episode,84,Reward,-5.3600144
Episode,85,Reward,-5.06341
Episode,86,Reward,-4.896959
Episode,87,Reward,-5.176106
Episode,88,Reward,-5.1101837
Episode,89,Reward,-4.8251734
Episode,90,Reward,-4.787736
Episode,91,Reward,-4.909639
Episode,92,Reward,-4.8773623
Episode,93,Reward,-4.942299
Episode,94,Reward,-5.0092635
Episode,95,Reward,-5.223186
Episode,96,Reward,-5.154509
Episode,97,Reward,-4.882703
Episode,98,Reward,-4.884493
Episode,99,Reward,-4.79695
Episode,100,Reward,-4.690888
Episode,101,Reward,-5.427535
Episode,102,Reward,-5.338081
Episode,103,Reward,-5.271645
Episode,104,Reward,-5.0985713
Episode,105,Reward,-4.7767267
Episode,106,Reward,-4.910167
Episode,107,Reward,-4.8305135
Episode,108,Reward,-4.7342224
Episode,109,Reward,-5.114746
Episode,110,Reward,-4.9534616
Episode,111,Reward,-4.863766
Episode,112,Reward,-4.866935
Episode,113,Reward,-4.953717
Episode,114,Reward,-5.0563583
Episode,115,Reward,-4.7328954
Episode,116,Reward,-4.8413887
Episode,117,Reward,-5.155341
Episode,118,Reward,-4.937396
Episode,119,Reward,-4.8414187
Episode,120,Reward,-5.1023602
Episode,121,Reward,-4.916336
Episode,122,Reward,-4.7034397
Episode,123,Reward,-5.097453
Episode,124,Reward,-4.8132877
Episode,125,Reward,-4.6175327
Episode,126,Reward,-4.9736457
Episode,127,Reward,-5.203394
Episode,128,Reward,-5.101507
Episode,129,Reward,-5.027518
Episode,130,Reward,-4.9154687
Episode,131,Reward,-5.179318
Episode,132,Reward,-4.883444
Episode,133,Reward,-4.7789493
Episode,134,Reward,-4.761759
Episode,135,Reward,-4.9642835
Episode,136,Reward,-4.6907496
Episode,137,Reward,-4.684764
Episode,138,Reward,-5.181972
Episode,139,Reward,-4.81968
Episode,140,Reward,-4.9151196
Episode,141,Reward,-4.965691
Episode,142,Reward,-4.81079
Episode,143,Reward,-4.715479
Episode,144,Reward,-5.002186
Episode,145,Reward,-5.001507
Episode,146,Reward,-4.853617
Episode,147,Reward,-4.901755
Episode,148,Reward,-4.7159066
Episode,149,Reward,-4.553335
Episode,150,Reward,-4.755872
Episode,151,Reward,-4.9810247
Episode,152,Reward,-5.0236073
Episode,153,Reward,-4.5068035
Episode,154,Reward,-4.6198606
Episode,155,Reward,-4.7805357
Episode,156,Reward,-4.7087336
Episode,157,Reward,-5.091622
Episode,158,Reward,-4.916458
Episode,159,Reward,-4.873653
Episode,160,Reward,-5.0101256
Episode,161,Reward,-4.9418283
Episode,162,Reward,-4.7531796
Episode,163,Reward,-4.6397676
Episode,164,Reward,-4.7858176
Episode,165,Reward,-4.9377604
Episode,166,Reward,-4.9848957
Episode,167,Reward,-4.6622744
Episode,168,Reward,-4.6933026
Episode,169,Reward,-4.952659
Episode,170,Reward,-5.1350913
Episode,171,Reward,-4.831466
Episode,172,Reward,-4.743886
Episode,173,Reward,-4.9188514
Episode,174,Reward,-5.124796
Episode,175,Reward,-5.1035347
Episode,176,Reward,-4.6089735
Episode,177,Reward,-4.56329
Episode,178,Reward,-5.3711367
Episode,179,Reward,-4.8267555
Episode,180,Reward,-4.6420965
Episode,181,Reward,-4.8477335
Episode,182,Reward,-4.4936986
Episode,183,Reward,-5.2484636
Episode,184,Reward,-4.583684
Episode,185,Reward,-4.736307
Episode,186,Reward,-4.904747
Episode,187,Reward,-4.747487
Episode,188,Reward,-4.5081325
Episode,189,Reward,-4.617753
Episode,190,Reward,-4.759921
Episode,191,Reward,-4.6614895
Episode,192,Reward,-4.763035
Episode,193,Reward,-4.797157
Episode,194,Reward,-4.984573
Episode,195,Reward,-4.8800855
Episode,196,Reward,-4.896735
Episode,197,Reward,-4.7602
Episode,198,Reward,-5.062998
Episode,199,Reward,-5.0400457
Episode,200,Reward,-4.859726
Episode,201,Reward,-4.730563
Episode,202,Reward,-4.743843
Episode,203,Reward,-4.915158
Episode,204,Reward,-4.934323
Episode,205,Reward,-4.6126776
Episode,206,Reward,-4.8417654
Episode,207,Reward,-4.564735
Episode,208,Reward,-5.088507
Episode,209,Reward,-5.062314
Episode,210,Reward,-4.7184134
Episode,211,Reward,-4.446188
Episode,212,Reward,-4.9019847
Episode,213,Reward,-4.6529675
Episode,214,Reward,-4.9585195
Episode,215,Reward,-5.3803034
Episode,216,Reward,-4.8986387
Episode,217,Reward,-5.0570583
Episode,218,Reward,-4.3237925
Episode,219,Reward,-5.240071
Episode,220,Reward,-4.881822
Episode,221,Reward,-4.885525
Episode,222,Reward,-4.6000943
Episode,223,Reward,-4.6762614
Episode,224,Reward,-5.018237
Episode,225,Reward,-4.756982
Episode,226,Reward,-4.647621
Episode,227,Reward,-4.546057
Episode,228,Reward,-4.7363553
Episode,229,Reward,-4.9394093
Episode,230,Reward,-4.8102107
Episode,231,Reward,-4.60756
Episode,232,Reward,-4.7727604
Episode,233,Reward,-4.638618
Episode,234,Reward,-4.6573443
Episode,235,Reward,-4.77101
Episode,236,Reward,-4.707363
Episode,237,Reward,-4.9191985
Episode,238,Reward,-4.560838
Episode,239,Reward,-4.95667
Episode,240,Reward,-4.8952823
Episode,241,Reward,-4.5521526
Episode,242,Reward,-4.7180696
Episode,243,Reward,-4.6914916
Episode,244,Reward,-4.5374203
Episode,245,Reward,-4.589223
Episode,246,Reward,-4.7688127
Episode,247,Reward,-4.835851
Episode,248,Reward,-4.895224
Episode,249,Reward,-4.587809
Episode,250,Reward,-4.7842894
Episode,251,Reward,-4.5194325
Episode,252,Reward,-4.8547554
Episode,253,Reward,-4.1758904
Episode,254,Reward,-4.5918355
Episode,255,Reward,-4.6833444
Episode,256,Reward,-4.8980484
Episode,257,Reward,-4.966851
Episode,258,Reward,-4.7049303
Episode,259,Reward,-4.9908943
Episode,260,Reward,-4.631194
Episode,261,Reward,-4.728627
Episode,262,Reward,-4.682752
Episode,263,Reward,-4.547531
Episode,264,Reward,-4.7979465
Episode,265,Reward,-4.6254883
Episode,266,Reward,-4.551839
Episode,267,Reward,-4.712295
Episode,268,Reward,-4.672895
Episode,269,Reward,-4.769988
Episode,270,Reward,-4.706223
Episode,271,Reward,-4.868651
Episode,272,Reward,-4.852767
Episode,273,Reward,-5.013566
Episode,274,Reward,-4.9831986
Episode,275,Reward,-4.887891
Episode,276,Reward,-4.4018455
Episode,277,Reward,-4.6403384
Episode,278,Reward,-4.4470873
Episode,279,Reward,-4.862564
Episode,280,Reward,-4.923098
Episode,281,Reward,-4.3557024
Episode,282,Reward,-4.746336
Episode,283,Reward,-4.9206696
Episode,284,Reward,-4.3443995
Episode,285,Reward,-4.7444224
Episode,286,Reward,-4.9015102
Episode,287,Reward,-4.305878
Episode,288,Reward,-4.674743
Episode,289,Reward,-4.954656
Episode,290,Reward,-5.0518966
Episode,291,Reward,-4.9922357
Episode,292,Reward,-4.6241264
Episode,293,Reward,-4.6807146
Episode,294,Reward,-4.6863985
Episode,295,Reward,-4.4471707
Episode,296,Reward,-5.0238757
Episode,297,Reward,-4.317848
Episode,298,Reward,-4.384807
Episode,299,Reward,-4.7312026
Episode,300,Reward,-4.6404405
Episode,301,Reward,-4.571451
Episode,302,Reward,-4.8415785
Episode,303,Reward,-4.779761
Episode,304,Reward,-4.6836476
Episode,305,Reward,-4.576538
Episode,306,Reward,-4.8501678
Episode,307,Reward,-4.6654916
Episode,308,Reward,-4.7625136
Episode,309,Reward,-4.75698
Episode,310,Reward,-4.765388
Episode,311,Reward,-4.6158504
Episode,312,Reward,-4.8582606
Episode,313,Reward,-4.5306206
Episode,314,Reward,-4.608524
Episode,315,Reward,-4.722279
Episode,316,Reward,-4.331242
Episode,317,Reward,-4.7260914
Episode,318,Reward,-4.300219
Episode,319,Reward,-4.4795403
Episode,320,Reward,-4.7994375
Episode,321,Reward,-4.537584
Episode,322,Reward,-4.469936
Episode,323,Reward,-4.8395905
Episode,324,Reward,-4.640635
Episode,325,Reward,-5.043866
Episode,326,Reward,-4.674343
Episode,327,Reward,-4.7703347
Episode,328,Reward,-4.812045
Episode,329,Reward,-4.495223
Episode,330,Reward,-5.1756883
Episode,331,Reward,-4.863196
Episode,332,Reward,-4.346052
Episode,333,Reward,-4.6775317
Episode,334,Reward,-4.4605975
Episode,335,Reward,-4.546997
Episode,336,Reward,-4.7480845
Episode,337,Reward,-4.34315
Episode,338,Reward,-4.7162743
Episode,339,Reward,-4.6277637
Episode,340,Reward,-4.8369017
Episode,341,Reward,-4.6282835
Episode,342,Reward,-4.6970644
Episode,343,Reward,-4.2647247
Episode,344,Reward,-4.4338374
Episode,345,Reward,-4.9743032
Episode,346,Reward,-4.5235987
Episode,347,Reward,-4.607121
Episode,348,Reward,-4.620091
Episode,349,Reward,-4.690201
Episode,350,Reward,-4.7674837
Episode,351,Reward,-4.8220143
Episode,352,Reward,-4.655612
Episode,353,Reward,-4.4941826
Episode,354,Reward,-4.6948595
Episode,355,Reward,-4.5080886
Episode,356,Reward,-4.6634817
Episode,357,Reward,-4.482544
Episode,358,Reward,-4.69694
Episode,359,Reward,-4.8545547
Episode,360,Reward,-4.6844554
Episode,361,Reward,-4.6885223
Episode,362,Reward,-4.7446165
Episode,363,Reward,-4.733172
Episode,364,Reward,-4.8262696
Episode,365,Reward,-4.445379
Episode,366,Reward,-4.841259
Episode,367,Reward,-4.6684294
Episode,368,Reward,-4.6194353
Episode,369,Reward,-4.589532
Episode,370,Reward,-4.451216
Episode,371,Reward,-4.427246
Episode,372,Reward,-4.5147624
Episode,373,Reward,-4.5507584
Episode,374,Reward,-4.4598794
Episode,375,Reward,-4.6942215
Episode,376,Reward,-4.75961
Episode,377,Reward,-4.947273
Episode,378,Reward,-4.5798607
Episode,379,Reward,-4.7322826
Episode,380,Reward,-4.717256
Episode,381,Reward,-4.808156
Episode,382,Reward,-4.5171137
Episode,383,Reward,-4.6602187
Episode,384,Reward,-4.5728607
Episode,385,Reward,-4.2362657
Episode,386,Reward,-4.5120583
Episode,387,Reward,-4.495127
Episode,388,Reward,-4.5871997
Episode,389,Reward,-4.5313096
Episode,390,Reward,-4.8364882
Episode,391,Reward,-4.5426188
Episode,392,Reward,-4.665651
Episode,393,Reward,-4.6933436
Episode,394,Reward,-4.675013
Episode,395,Reward,-4.644125
Episode,396,Reward,-4.8126645
Episode,397,Reward,-4.5299315
Episode,398,Reward,-4.7600074
Episode,399,Reward,-4.758463
Episode,400,Reward,-4.670083
Episode,401,Reward,-4.47125
Episode,402,Reward,-4.8311625
Episode,403,Reward,-4.5049205
Episode,404,Reward,-4.6009245
Episode,405,Reward,-4.711116
Episode,406,Reward,-4.5957065
Episode,407,Reward,-4.734718
Episode,408,Reward,-4.653721
Episode,409,Reward,-4.301055
Episode,410,Reward,-4.4529467
Episode,411,Reward,-4.6467896
Episode,412,Reward,-4.6355214
Episode,413,Reward,-4.5795703
Episode,414,Reward,-4.918242
Episode,415,Reward,-4.5525637
Episode,416,Reward,-4.7045984
Episode,417,Reward,-4.767348
Episode,418,Reward,-4.731517
Episode,419,Reward,-4.541907
Episode,420,Reward,-4.579948
Episode,421,Reward,-4.306307
Episode,422,Reward,-4.7433043
Episode,423,Reward,-4.3739915
Episode,424,Reward,-4.6199093
Episode,425,Reward,-4.772044
Episode,426,Reward,-4.3940926
Episode,427,Reward,-4.1379414
Episode,428,Reward,-4.4157643
Episode,429,Reward,-4.5852084
Episode,430,Reward,-4.351402
Episode,431,Reward,-4.4168844
Episode,432,Reward,-4.1298985
Episode,433,Reward,-4.5578403
Episode,434,Reward,-4.5072255
Episode,435,Reward,-4.679739
Episode,436,Reward,-4.7347455
Episode,437,Reward,-4.586003
Episode,438,Reward,-4.7348742
Episode,439,Reward,-4.6562533
Episode,440,Reward,-4.71833
Episode,441,Reward,-4.524261
Episode,442,Reward,-4.605009
Episode,443,Reward,-4.025857
Episode,444,Reward,-4.5926905
Episode,445,Reward,-4.911413
Episode,446,Reward,-4.54458
Episode,447,Reward,-4.862205
Episode,448,Reward,-4.49514
Episode,449,Reward,-4.7088165
Episode,450,Reward,-4.830072
Episode,451,Reward,-4.538738
Episode,452,Reward,-4.2597713
Episode,453,Reward,-4.611793
Episode,454,Reward,-4.3727126
Episode,455,Reward,-4.5051646
Episode,456,Reward,-4.3768106
Episode,457,Reward,-4.6442165
Episode,458,Reward,-4.4002495
Episode,459,Reward,-4.6003985
Episode,460,Reward,-4.6217027
Episode,461,Reward,-4.420691
Episode,462,Reward,-4.8955917
Episode,463,Reward,-4.6094465
Episode,464,Reward,-5.024269
Episode,465,Reward,-4.2645845
Episode,466,Reward,-4.825818
Episode,467,Reward,-4.9494767
Episode,468,Reward,-4.3469768
Episode,469,Reward,-4.590504
Episode,470,Reward,-4.889597
Episode,471,Reward,-4.494622
Episode,472,Reward,-4.527488
Episode,473,Reward,-4.724166
Episode,474,Reward,-4.7535076
Episode,475,Reward,-5.033696
Episode,476,Reward,-4.423046
Episode,477,Reward,-4.5316453
Episode,478,Reward,-4.1411214
Episode,479,Reward,-4.7356067
Episode,480,Reward,-4.246367
Episode,481,Reward,-4.5905933
Episode,482,Reward,-4.499841
Episode,483,Reward,-4.498347
Episode,484,Reward,-4.420875
Episode,485,Reward,-4.4405575
Episode,486,Reward,-4.778016
Episode,487,Reward,-4.418504
Episode,488,Reward,-4.9352903
Episode,489,Reward,-4.6756525
Episode,490,Reward,-4.631213
Episode,491,Reward,-4.572239
Episode,492,Reward,-4.500823
Episode,493,Reward,-4.3930435
Episode,494,Reward,-4.379384
Episode,495,Reward,-4.6016455
Episode,496,Reward,-4.389595
Episode,497,Reward,-4.704491
Episode,498,Reward,-4.348714
Episode,499,Reward,-4.5370665
Episode,500,Reward,-4.476349
Episode,501,Reward,-4.3827558
Episode,502,Reward,-4.2833204
Episode,503,Reward,-4.81129
Episode,504,Reward,-4.531564
Episode,505,Reward,-4.9582853
Episode,506,Reward,-4.6408095
Episode,507,Reward,-4.700241
Episode,508,Reward,-4.4723144
Episode,509,Reward,-4.5251675
Episode,510,Reward,-4.569825
Episode,511,Reward,-4.381843
Episode,512,Reward,-4.549167
Episode,513,Reward,-4.625248
Episode,514,Reward,-4.5597296
Episode,515,Reward,-4.3661766
Episode,516,Reward,-4.713279
Episode,517,Reward,-4.4623866
Episode,518,Reward,-4.445674
Episode,519,Reward,-4.3755517
Episode,520,Reward,-4.683344
Episode,521,Reward,-4.550158
Episode,522,Reward,-4.3697658
Episode,523,Reward,-4.8968897
Episode,524,Reward,-4.6171308
Episode,525,Reward,-4.520259
Episode,526,Reward,-4.72024
Episode,527,Reward,-4.626167
Episode,528,Reward,-4.593747
Episode,529,Reward,-4.780201
Episode,530,Reward,-3.907226
Episode,531,Reward,-4.35727
Episode,532,Reward,-5.0059924
Episode,533,Reward,-4.551447
Episode,534,Reward,-4.152061
Episode,535,Reward,-4.4665904
Episode,536,Reward,-4.7255154
Episode,537,Reward,-4.5650144
Episode,538,Reward,-4.7192235
Episode,539,Reward,-4.2985563
Episode,540,Reward,-4.5176015
Episode,541,Reward,-5.0125327
Episode,542,Reward,-4.5112166
Episode,543,Reward,-4.6407323
Episode,544,Reward,-4.3220973
Episode,545,Reward,-4.610144
Episode,546,Reward,-4.8260098
Episode,547,Reward,-4.2947664
Episode,548,Reward,-4.640532
Episode,549,Reward,-4.6159515
Episode,550,Reward,-4.824098
Episode,551,Reward,-4.731889
Episode,552,Reward,-4.6228566
Episode,553,Reward,-4.3481607
Episode,554,Reward,-4.3809
Episode,555,Reward,-4.568846
Episode,556,Reward,-4.5347185
Episode,557,Reward,-4.794731
Episode,558,Reward,-4.642111
Episode,559,Reward,-4.684127
Episode,560,Reward,-4.6411777
Episode,561,Reward,-4.3763285
Episode,562,Reward,-4.2423596
Episode,563,Reward,-4.6081796
Episode,564,Reward,-4.6379576
Episode,565,Reward,-4.6310725
Episode,566,Reward,-4.5967226
Episode,567,Reward,-4.560285
Episode,568,Reward,-4.5755925
Episode,569,Reward,-4.19823
Episode,570,Reward,-4.617806
Episode,571,Reward,-4.4468565
Episode,572,Reward,-4.3142676
Episode,573,Reward,-4.6355166
Episode,574,Reward,-4.193594
Episode,575,Reward,-4.592401
Episode,576,Reward,-4.6001515
Episode,577,Reward,-4.4962063
Episode,578,Reward,-4.6752825
Episode,579,Reward,-4.5693126
Episode,580,Reward,-4.4229655
Episode,581,Reward,-4.461874
Episode,582,Reward,-4.622626
Episode,583,Reward,-4.5356183
Episode,584,Reward,-4.415554
Episode,585,Reward,-4.2945876
Episode,586,Reward,-4.304278
Episode,587,Reward,-4.6750765
Episode,588,Reward,-4.814095
Episode,589,Reward,-4.7971034
Episode,590,Reward,-4.702845
Episode,591,Reward,-4.6520243
Episode,592,Reward,-4.3783064
Episode,593,Reward,-4.767851
Episode,594,Reward,-4.3201475
Episode,595,Reward,-4.255552
Episode,596,Reward,-4.666533
Episode,597,Reward,-4.7101693
Episode,598,Reward,-4.6993074
Episode,599,Reward,-4.4766703
Episode,600,Reward,-4.915886
Episode,601,Reward,-4.685823
Episode,602,Reward,-4.500774
Episode,603,Reward,-4.2594295
Episode,604,Reward,-4.5664062
Episode,605,Reward,-4.5891156
Episode,606,Reward,-4.4809365
Episode,607,Reward,-4.666039
Episode,608,Reward,-4.8123493
Episode,609,Reward,-4.2098737
Episode,610,Reward,-4.4140167
Episode,611,Reward,-4.5323024
Episode,612,Reward,-4.640565
Episode,613,Reward,-4.6379547
Episode,614,Reward,-4.502787
Episode,615,Reward,-4.3529344
Episode,616,Reward,-4.448884
Episode,617,Reward,-4.594804
Episode,618,Reward,-4.503828
Episode,619,Reward,-4.4149404
Episode,620,Reward,-4.6374016
Episode,621,Reward,-4.3431625
Episode,622,Reward,-4.282325
Episode,623,Reward,-4.623946
Episode,624,Reward,-4.7375994
Episode,625,Reward,-4.3596425
Episode,626,Reward,-4.7400513
Episode,627,Reward,-4.669767
Episode,628,Reward,-4.4814744
Episode,629,Reward,-4.5409474
Episode,630,Reward,-4.4793324
Episode,631,Reward,-4.9123297
Episode,632,Reward,-4.4821815
Episode,633,Reward,-4.4342723
Episode,634,Reward,-4.372633
Episode,635,Reward,-4.3919067
Episode,636,Reward,-4.503648
Episode,637,Reward,-4.31183
Episode,638,Reward,-4.2328086
Episode,639,Reward,-4.5249786
Episode,640,Reward,-4.662633
Episode,641,Reward,-4.015177
Episode,642,Reward,-4.7787323
Episode,643,Reward,-4.4698105
Episode,644,Reward,-4.5542026
Episode,645,Reward,-4.599258
Episode,646,Reward,-4.439436
Episode,647,Reward,-4.634445
Episode,648,Reward,-4.4418216
Episode,649,Reward,-4.3390474
Episode,650,Reward,-4.4859257
Episode,651,Reward,-4.4171987
Episode,652,Reward,-4.6295137
Episode,653,Reward,-4.4372916
Episode,654,Reward,-4.3748994
Episode,655,Reward,-4.2328753
Episode,656,Reward,-4.581983
Episode,657,Reward,-4.3711743
Episode,658,Reward,-4.3094225
Episode,659,Reward,-4.561241
Episode,660,Reward,-4.5178394
Episode,661,Reward,-4.5650616
Episode,662,Reward,-4.477158
Episode,663,Reward,-4.246181
Episode,664,Reward,-4.83548
Episode,665,Reward,-4.4670763
Episode,666,Reward,-4.52958
Episode,667,Reward,-4.2839594
Episode,668,Reward,-4.5238533
Episode,669,Reward,-4.5029373
Episode,670,Reward,-4.2688694
Episode,671,Reward,-4.2373857
Episode,672,Reward,-4.328023
Episode,673,Reward,-4.381667
Episode,674,Reward,-4.287869
Episode,675,Reward,-4.5149136
Episode,676,Reward,-4.3704567
Episode,677,Reward,-4.490944
Episode,678,Reward,-4.219952
Episode,679,Reward,-4.51993
Episode,680,Reward,-4.4057493
Episode,681,Reward,-4.3653574
Episode,682,Reward,-4.4939756
Episode,683,Reward,-4.5917497
Episode,684,Reward,-4.029698
Episode,685,Reward,-4.446197
Episode,686,Reward,-4.4359508
Episode,687,Reward,-4.8606305
Episode,688,Reward,-4.524513
Episode,689,Reward,-4.149238
Episode,690,Reward,-4.2855244
Episode,691,Reward,-4.8916583
Episode,692,Reward,-4.3758545
Episode,693,Reward,-4.26751
Episode,694,Reward,-4.798555
Episode,695,Reward,-4.8058863
Episode,696,Reward,-4.414524
Episode,697,Reward,-4.6372085
Episode,698,Reward,-4.8070345
Episode,699,Reward,-4.605672
Episode,700,Reward,-4.2367096
Episode,701,Reward,-4.7665353
Episode,702,Reward,-4.152287
Episode,703,Reward,-4.399062
Episode,704,Reward,-4.5241146
Episode,705,Reward,-4.5094166
Episode,706,Reward,-4.65627
Episode,707,Reward,-4.3275967
Episode,708,Reward,-4.188762
Episode,709,Reward,-4.505142
Episode,710,Reward,-4.5024877
Episode,711,Reward,-4.37722
Episode,712,Reward,-4.507933
Episode,713,Reward,-4.708206
Episode,714,Reward,-4.705636
Episode,715,Reward,-4.6368117
Episode,716,Reward,-4.685638
Episode,717,Reward,-4.35697
Episode,718,Reward,-4.6155477
Episode,719,Reward,-4.9142838
Episode,720,Reward,-4.5674562
Episode,721,Reward,-4.4690385
Episode,722,Reward,-4.400254
Episode,723,Reward,-4.7716236
Episode,724,Reward,-4.852498
Episode,725,Reward,-4.771916
Episode,726,Reward,-4.428863
Episode,727,Reward,-4.6798472
Episode,728,Reward,-4.5999017
Episode,729,Reward,-4.4829445
Episode,730,Reward,-4.756503
Episode,731,Reward,-4.5020814
Episode,732,Reward,-4.4082217
Episode,733,Reward,-4.6494417
Episode,734,Reward,-4.433179
Episode,735,Reward,-4.2717113
Episode,736,Reward,-4.354568
Episode,737,Reward,-4.2555165
Episode,738,Reward,-4.488829
Episode,739,Reward,-4.3298383
Episode,740,Reward,-4.359177
Episode,741,Reward,-4.456877
Episode,742,Reward,-4.3854446
Episode,743,Reward,-4.7921762
Episode,744,Reward,-4.2885394
Episode,745,Reward,-4.6616797
Episode,746,Reward,-4.432858
Episode,747,Reward,-4.056484
Episode,748,Reward,-4.477972
Episode,749,Reward,-4.9737353
Episode,750,Reward,-4.4196715
Episode,751,Reward,-4.618628
Episode,752,Reward,-4.420866
Episode,753,Reward,-4.7461743
Episode,754,Reward,-4.260638
Episode,755,Reward,-4.3237953
Episode,756,Reward,-4.555942
Episode,757,Reward,-4.2048483
Episode,758,Reward,-4.212712
Episode,759,Reward,-4.1040583
Episode,760,Reward,-4.1009855
Episode,761,Reward,-4.3263006
Episode,762,Reward,-4.537055
Episode,763,Reward,-4.481016
Episode,764,Reward,-4.4568963
Episode,765,Reward,-4.0864434
Episode,766,Reward,-4.491864
Episode,767,Reward,-4.6055994
Episode,768,Reward,-4.843825
Episode,769,Reward,-4.4393473
Episode,770,Reward,-4.3300185
Episode,771,Reward,-4.310153
Episode,772,Reward,-4.57119
Episode,773,Reward,-4.4985623
Episode,774,Reward,-4.38528
Episode,775,Reward,-4.348366
Episode,776,Reward,-4.8094153
Episode,777,Reward,-4.1365676
Episode,778,Reward,-4.613524
Episode,779,Reward,-4.4553404
Episode,780,Reward,-4.7609453
Episode,781,Reward,-4.179187
Episode,782,Reward,-4.318682
Episode,783,Reward,-4.6566896
Episode,784,Reward,-4.30363
Episode,785,Reward,-4.6646647
Episode,786,Reward,-4.5151863
Episode,787,Reward,-4.0987315
Episode,788,Reward,-4.509693
Episode,789,Reward,-4.3749623
Episode,790,Reward,-4.351503
Episode,791,Reward,-4.520873
Episode,792,Reward,-4.5980306
Episode,793,Reward,-4.5444655
Episode,794,Reward,-4.551005
Episode,795,Reward,-4.3057413
Episode,796,Reward,-4.6792207
Episode,797,Reward,-4.5288925
Episode,798,Reward,-4.620783
Episode,799,Reward,-4.621878
Episode,800,Reward,-4.4123993
Episode,801,Reward,-4.381973
Episode,802,Reward,-4.8057265
Episode,803,Reward,-4.2501035
Episode,804,Reward,-4.586491
Episode,805,Reward,-4.5211387
Episode,806,Reward,-4.200375
Episode,807,Reward,-4.4371395
Episode,808,Reward,-4.427955
Episode,809,Reward,-4.2438197
Episode,810,Reward,-4.385863
Episode,811,Reward,-4.518975
Episode,812,Reward,-4.411918
Episode,813,Reward,-4.7500587
Episode,814,Reward,-4.6188493
Episode,815,Reward,-4.6181736
Episode,816,Reward,-4.182552
Episode,817,Reward,-4.8934393
Episode,818,Reward,-4.79709
Episode,819,Reward,-4.523265
Episode,820,Reward,-4.4844627
Episode,821,Reward,-3.9000971
Episode,822,Reward,-4.8134847
Episode,823,Reward,-4.2174983
Episode,824,Reward,-4.0259895
Episode,825,Reward,-4.6650205
Episode,826,Reward,-4.3425083
Episode,827,Reward,-4.6806326
Episode,828,Reward,-4.44928
Episode,829,Reward,-4.67361
Episode,830,Reward,-4.3002334
Episode,831,Reward,-4.649921
Episode,832,Reward,-4.239565
Episode,833,Reward,-4.441477
Episode,834,Reward,-4.8014874
Episode,835,Reward,-4.49716
Episode,836,Reward,-4.432924
Episode,837,Reward,-4.7441487
Episode,838,Reward,-4.6312714
Episode,839,Reward,-4.0959163
Episode,840,Reward,-4.1362014
Episode,841,Reward,-4.716904
Episode,842,Reward,-4.4079523
Episode,843,Reward,-4.331696
Episode,844,Reward,-4.4578557
Episode,845,Reward,-4.6985626
Episode,846,Reward,-4.1043057
Episode,847,Reward,-4.369974
Episode,848,Reward,-4.418549
Episode,849,Reward,-4.5606494
Episode,850,Reward,-4.615203
Episode,851,Reward,-4.562462
Episode,852,Reward,-4.4914374
Episode,853,Reward,-4.7937164
Episode,854,Reward,-4.2388706
Episode,855,Reward,-4.604919
Episode,856,Reward,-4.6143456
Episode,857,Reward,-4.4780583
Episode,858,Reward,-4.448977
Episode,859,Reward,-4.5294275
Episode,860,Reward,-4.6239095
Episode,861,Reward,-4.680668
Episode,862,Reward,-4.337756
Episode,863,Reward,-4.619099
Episode,864,Reward,-4.689953
Episode,865,Reward,-4.2379847
Episode,866,Reward,-4.4772463
Episode,867,Reward,-4.2821116
Episode,868,Reward,-4.344175
Episode,869,Reward,-4.4077992
Episode,870,Reward,-4.0520205
Episode,871,Reward,-4.46865
Episode,872,Reward,-4.121294
Episode,873,Reward,-4.268731
Episode,874,Reward,-4.4493327
Episode,875,Reward,-4.4278464
Episode,876,Reward,-4.84156
Episode,877,Reward,-4.6862254
Episode,878,Reward,-4.2441516
Episode,879,Reward,-4.7574396
Episode,880,Reward,-4.6240077
Episode,881,Reward,-4.2971044
Episode,882,Reward,-4.3194866
Episode,883,Reward,-4.6678042
Episode,884,Reward,-4.4332237
Episode,885,Reward,-4.539699
Episode,886,Reward,-4.602225
Episode,887,Reward,-4.1418858
Episode,888,Reward,-4.4256787
Episode,889,Reward,-4.0367413
Episode,890,Reward,-4.4269657
Episode,891,Reward,-4.455206
Episode,892,Reward,-4.3741946
Episode,893,Reward,-4.173325
Episode,894,Reward,-4.4986725
Episode,895,Reward,-4.4922495
Episode,896,Reward,-4.590136
Episode,897,Reward,-4.420617
Episode,898,Reward,-4.2021313
Episode,899,Reward,-4.4893756
Episode,900,Reward,-4.578871
Episode,901,Reward,-4.107984
Episode,902,Reward,-4.458056
Episode,903,Reward,-4.1839404
Episode,904,Reward,-3.9809074
Episode,905,Reward,-4.101661
Episode,906,Reward,-4.577742
Episode,907,Reward,-4.4390492
Episode,908,Reward,-4.6111517
Episode,909,Reward,-4.311941
Episode,910,Reward,-4.316647
Episode,911,Reward,-4.91769
Episode,912,Reward,-4.48533
Episode,913,Reward,-4.7652864
Episode,914,Reward,-4.274634
Episode,915,Reward,-4.6714587
Episode,916,Reward,-4.3367825
Episode,917,Reward,-4.633741
Episode,918,Reward,-4.236295
Episode,919,Reward,-4.7078457
Episode,920,Reward,-4.2997518
Episode,921,Reward,-4.741712
Episode,922,Reward,-4.730873
Episode,923,Reward,-4.2735553
Episode,924,Reward,-4.539489
Episode,925,Reward,-4.8305125
Episode,926,Reward,-4.665129
Episode,927,Reward,-4.439492
Episode,928,Reward,-4.303614
Episode,929,Reward,-4.205501
Episode,930,Reward,-4.158422
Episode,931,Reward,-4.8071647
Episode,932,Reward,-4.7762704
Episode,933,Reward,-4.3630176
Episode,934,Reward,-4.6029315
Episode,935,Reward,-4.4573827
Episode,936,Reward,-4.3427362
Episode,937,Reward,-4.4607224
Episode,938,Reward,-4.541915
Episode,939,Reward,-4.408039
Episode,940,Reward,-4.65767
Episode,941,Reward,-4.5666146
Episode,942,Reward,-4.3746376
Episode,943,Reward,-4.313989
Episode,944,Reward,-4.517244
Episode,945,Reward,-4.6366906
Episode,946,Reward,-4.3894777
Episode,947,Reward,-4.373412
Episode,948,Reward,-4.2398806
Episode,949,Reward,-4.496722
Episode,950,Reward,-4.542682
Episode,951,Reward,-4.266702
Episode,952,Reward,-4.1727967
Episode,953,Reward,-4.1821795
Episode,954,Reward,-4.3814297
Episode,955,Reward,-4.246486
Episode,956,Reward,-4.4088
Episode,957,Reward,-3.9651067
Episode,958,Reward,-4.2891374
Episode,959,Reward,-4.310595
Episode,960,Reward,-4.1702166
Episode,961,Reward,-4.493614
Episode,962,Reward,-4.2715135
Episode,963,Reward,-4.1862507
Episode,964,Reward,-4.452358
Episode,965,Reward,-4.441616
Episode,966,Reward,-4.3497686
Episode,967,Reward,-4.410085
Episode,968,Reward,-4.674226
Episode,969,Reward,-4.3933315
Episode,970,Reward,-4.245582
Episode,971,Reward,-4.476944
Episode,972,Reward,-4.1013865
Episode,973,Reward,-4.4228563
Episode,974,Reward,-4.4251122
Episode,975,Reward,-4.6199985
Episode,976,Reward,-4.1575055
Episode,977,Reward,-4.7720714
Episode,978,Reward,-4.3887963
Episode,979,Reward,-4.3447576
Episode,980,Reward,-4.511275
Episode,981,Reward,-4.250751
Episode,982,Reward,-4.6131077
Episode,983,Reward,-4.394607
Episode,984,Reward,-4.491387
Episode,985,Reward,-4.687349
Episode,986,Reward,-3.9404833
Episode,987,Reward,-4.5310054
Episode,988,Reward,-4.7560434
Episode,989,Reward,-4.232697
Episode,990,Reward,-4.458771
Episode,991,Reward,-4.4383917
Episode,992,Reward,-4.510275
Episode,993,Reward,-4.55529
Episode,994,Reward,-4.4090033
Episode,995,Reward,-4.4624863
Episode,996,Reward,-4.235135
Episode,997,Reward,-4.737946
Episode,998,Reward,-4.5993037
Episode,999,Reward,-4.5856333
Episode,1000,Reward,-4.645221
Episode,1001,Reward,-4.3382773
Episode,1002,Reward,-4.5156693
Episode,1003,Reward,-4.188018
Episode,1004,Reward,-4.4710417
Episode,1005,Reward,-4.369179
Episode,1006,Reward,-4.257209
Episode,1007,Reward,-4.052981
Episode,1008,Reward,-4.2718515
Episode,1009,Reward,-4.5220766
Episode,1010,Reward,-4.6775756
Episode,1011,Reward,-4.2671065
Episode,1012,Reward,-4.327824
Episode,1013,Reward,-4.534257
Episode,1014,Reward,-4.439582
Episode,1015,Reward,-4.470797
Episode,1016,Reward,-4.346016
Episode,1017,Reward,-4.228348
Episode,1018,Reward,-4.301193
Episode,1019,Reward,-4.5540886
Episode,1020,Reward,-4.0127997
Episode,1021,Reward,-4.1901684
Episode,1022,Reward,-4.054115
Episode,1023,Reward,-4.0464377
Episode,1024,Reward,-4.2637925
Episode,1025,Reward,-4.2644825
Episode,1026,Reward,-4.477525
Episode,1027,Reward,-4.531274
Episode,1028,Reward,-4.0827236
Episode,1029,Reward,-4.7082257
Episode,1030,Reward,-4.403248
Episode,1031,Reward,-4.490211
Episode,1032,Reward,-4.1331606
Episode,1033,Reward,-4.352492
Episode,1034,Reward,-4.3187213
Episode,1035,Reward,-4.394112
Episode,1036,Reward,-4.355162
Episode,1037,Reward,-4.7115397
Episode,1038,Reward,-4.560349
Episode,1039,Reward,-4.36084
Episode,1040,Reward,-4.1427045
Episode,1041,Reward,-4.373769
Episode,1042,Reward,-4.422505
Episode,1043,Reward,-4.204736
Episode,1044,Reward,-4.3304744
Episode,1045,Reward,-4.1067805
Episode,1046,Reward,-4.1536655
Episode,1047,Reward,-4.4254217
Episode,1048,Reward,-4.3455935
Episode,1049,Reward,-4.5649977
Episode,1050,Reward,-4.411722
Episode,1051,Reward,-4.131987
Episode,1052,Reward,-4.7954097
Episode,1053,Reward,-4.5042024
Episode,1054,Reward,-4.421674
Episode,1055,Reward,-4.252609
Episode,1056,Reward,-4.289086
Episode,1057,Reward,-4.5510798
Episode,1058,Reward,-4.4117017
Episode,1059,Reward,-4.2573314
Episode,1060,Reward,-4.2777653
Episode,1061,Reward,-4.301722
Episode,1062,Reward,-4.4484286
Episode,1063,Reward,-4.2543797
Episode,1064,Reward,-4.2513556
Episode,1065,Reward,-4.3585987
Episode,1066,Reward,-4.409319
Episode,1067,Reward,-4.3929605
Episode,1068,Reward,-3.9358833
Episode,1069,Reward,-4.334284
Episode,1070,Reward,-4.762884
Episode,1071,Reward,-4.376347
Episode,1072,Reward,-4.1469464
Episode,1073,Reward,-4.6430964
Episode,1074,Reward,-4.5237026
Episode,1075,Reward,-4.404588
Episode,1076,Reward,-4.670753
Episode,1077,Reward,-4.5207624
Episode,1078,Reward,-4.1630764
Episode,1079,Reward,-4.3463426
Episode,1080,Reward,-4.3610325
Episode,1081,Reward,-4.2447133
Episode,1082,Reward,-4.5572424
Episode,1083,Reward,-4.209467
Episode,1084,Reward,-4.5051737
Episode,1085,Reward,-4.1703067
Episode,1086,Reward,-4.762444
Episode,1087,Reward,-4.5029674
Episode,1088,Reward,-4.3294506
Episode,1089,Reward,-4.0799975
Episode,1090,Reward,-4.4946995
Episode,1091,Reward,-4.5336013
Episode,1092,Reward,-4.1824765
Episode,1093,Reward,-4.321751
Episode,1094,Reward,-4.517805
Episode,1095,Reward,-4.4350886
Episode,1096,Reward,-4.300166
Episode,1097,Reward,-4.388526
Episode,1098,Reward,-4.3621893
Episode,1099,Reward,-4.1979365
Episode,1100,Reward,-4.2036223
Episode,1101,Reward,-4.094401
Episode,1102,Reward,-4.1319513
Episode,1103,Reward,-4.215453
Episode,1104,Reward,-4.284301
Episode,1105,Reward,-4.248323
Episode,1106,Reward,-4.46374
Episode,1107,Reward,-4.152279
Episode,1108,Reward,-4.1615696
Episode,1109,Reward,-4.687765
Episode,1110,Reward,-4.238751
Episode,1111,Reward,-4.074402
Episode,1112,Reward,-4.4292455
Episode,1113,Reward,-4.1098123
Episode,1114,Reward,-4.4177375
Episode,1115,Reward,-4.421057
Episode,1116,Reward,-4.614373
Episode,1117,Reward,-4.599247
Episode,1118,Reward,-4.656715
Episode,1119,Reward,-4.3290887
Episode,1120,Reward,-4.5644956
Episode,1121,Reward,-4.441724
Episode,1122,Reward,-4.520068
Episode,1123,Reward,-4.288146
Episode,1124,Reward,-4.5626316
Episode,1125,Reward,-4.410482
Episode,1126,Reward,-4.2516947
Episode,1127,Reward,-3.786147
Episode,1128,Reward,-4.1248064
Episode,1129,Reward,-4.484698
Episode,1130,Reward,-4.1322093
Episode,1131,Reward,-4.426727
Episode,1132,Reward,-4.386872
Episode,1133,Reward,-4.144041
Episode,1134,Reward,-4.018411
Episode,1135,Reward,-4.5464087
Episode,1136,Reward,-4.6260056
Episode,1137,Reward,-3.9633467
Episode,1138,Reward,-4.5435605
Episode,1139,Reward,-4.353662
Episode,1140,Reward,-4.3398027
Episode,1141,Reward,-4.4672117
Episode,1142,Reward,-4.717912
Episode,1143,Reward,-4.2617397
Episode,1144,Reward,-4.610561
Episode,1145,Reward,-4.2629743
Episode,1146,Reward,-4.4975834
Episode,1147,Reward,-4.3441176
Episode,1148,Reward,-4.418078
Episode,1149,Reward,-4.5376368
Episode,1150,Reward,-4.383925
Episode,1151,Reward,-4.2004685
Episode,1152,Reward,-4.338023
Episode,1153,Reward,-4.3284225
Episode,1154,Reward,-4.1155615
Episode,1155,Reward,-4.257805
Episode,1156,Reward,-4.2543793
Episode,1157,Reward,-4.5451427
Episode,1158,Reward,-4.659321
Episode,1159,Reward,-4.4188046
Episode,1160,Reward,-4.277049
Episode,1161,Reward,-4.5697284
Episode,1162,Reward,-4.3101535
Episode,1163,Reward,-4.1371393
Episode,1164,Reward,-5.0378184
Episode,1165,Reward,-4.2716627
Episode,1166,Reward,-4.4056354
Episode,1167,Reward,-4.540321
Episode,1168,Reward,-4.531409
Episode,1169,Reward,-4.481674
Episode,1170,Reward,-4.1925707
Episode,1171,Reward,-4.294983
Episode,1172,Reward,-4.2870746
Episode,1173,Reward,-4.4646134
Episode,1174,Reward,-4.1190367
Episode,1175,Reward,-4.6192684
Episode,1176,Reward,-4.31955
Episode,1177,Reward,-4.611695
Episode,1178,Reward,-4.750753
Episode,1179,Reward,-4.296498
Episode,1180,Reward,-4.3425775
Episode,1181,Reward,-4.260009
Episode,1182,Reward,-4.4255705
Episode,1183,Reward,-4.278108
Episode,1184,Reward,-3.9716554
Episode,1185,Reward,-4.1008644
Episode,1186,Reward,-4.7144036
Episode,1187,Reward,-4.143855
Episode,1188,Reward,-4.536128
Episode,1189,Reward,-4.0805073
Episode,1190,Reward,-3.8617058
Episode,1191,Reward,-4.178819
Episode,1192,Reward,-4.7022557
Episode,1193,Reward,-4.5259037
Episode,1194,Reward,-4.8581986
Episode,1195,Reward,-3.8772066
Episode,1196,Reward,-4.2499413
Episode,1197,Reward,-4.2012286
Episode,1198,Reward,-4.3499103
Episode,1199,Reward,-4.5926147
Episode,1200,Reward,-4.0875773
Episode,1201,Reward,-4.510552
Episode,1202,Reward,-4.12898
Episode,1203,Reward,-4.3197527
Episode,1204,Reward,-4.3576694
Episode,1205,Reward,-4.49986
Episode,1206,Reward,-4.350498
Episode,1207,Reward,-4.4717503
Episode,1208,Reward,-4.308656
Episode,1209,Reward,-4.2587223
Episode,1210,Reward,-4.387927
Episode,1211,Reward,-4.4249296
Episode,1212,Reward,-4.104894
Episode,1213,Reward,-4.3880944
Episode,1214,Reward,-4.3132863
Episode,1215,Reward,-4.4340434
Episode,1216,Reward,-4.397508
Episode,1217,Reward,-4.20791
Episode,1218,Reward,-4.1690187
Episode,1219,Reward,-4.087956
Episode,1220,Reward,-4.5653086
Episode,1221,Reward,-4.483663
Episode,1222,Reward,-4.4919224
Episode,1223,Reward,-4.157203
Episode,1224,Reward,-4.553657
Episode,1225,Reward,-4.4564867
Episode,1226,Reward,-4.211305
Episode,1227,Reward,-4.6763015
Episode,1228,Reward,-4.3926654
Episode,1229,Reward,-4.4499683
Episode,1230,Reward,-4.575295
Episode,1231,Reward,-4.315137
Episode,1232,Reward,-4.367474
Episode,1233,Reward,-4.67045
Episode,1234,Reward,-4.708763
Episode,1235,Reward,-4.347502
Episode,1236,Reward,-4.308232
Episode,1237,Reward,-4.4078093
Episode,1238,Reward,-4.3343186
Episode,1239,Reward,-4.4642205
Episode,1240,Reward,-4.3623996
Episode,1241,Reward,-4.622408
Episode,1242,Reward,-4.634989
Episode,1243,Reward,-4.2507596
Episode,1244,Reward,-4.499141
Episode,1245,Reward,-4.4028463
Episode,1246,Reward,-4.3958526
Episode,1247,Reward,-4.241614
Episode,1248,Reward,-4.437477
Episode,1249,Reward,-4.5249066
Episode,1250,Reward,-4.533463
Episode,1251,Reward,-4.381862
Episode,1252,Reward,-4.287249
Episode,1253,Reward,-4.128593
Episode,1254,Reward,-4.029725
Episode,1255,Reward,-4.1906085
Episode,1256,Reward,-4.4531374
Episode,1257,Reward,-4.1494966
Episode,1258,Reward,-4.1874657
Episode,1259,Reward,-4.3272953
Episode,1260,Reward,-4.2584925
Episode,1261,Reward,-4.271985
Episode,1262,Reward,-4.521354
Episode,1263,Reward,-4.39001
Episode,1264,Reward,-4.104901
Episode,1265,Reward,-4.362396
Episode,1266,Reward,-4.6074104
Episode,1267,Reward,-4.4407067
Episode,1268,Reward,-4.8289757
Episode,1269,Reward,-4.2651954
Episode,1270,Reward,-4.5550995
Episode,1271,Reward,-4.1273694
Episode,1272,Reward,-4.206339
Episode,1273,Reward,-4.256355
Episode,1274,Reward,-4.6623764
Episode,1275,Reward,-4.384092
Episode,1276,Reward,-4.5579157
Episode,1277,Reward,-4.262625
Episode,1278,Reward,-4.1678925
Episode,1279,Reward,-4.436572
Episode,1280,Reward,-4.3567357
Episode,1281,Reward,-4.5093784
Episode,1282,Reward,-4.3665924
Episode,1283,Reward,-4.4193683
Episode,1284,Reward,-4.46622
Episode,1285,Reward,-4.0645313
Episode,1286,Reward,-4.274673
Episode,1287,Reward,-4.665626
Episode,1288,Reward,-4.224222
Episode,1289,Reward,-4.3732924
Episode,1290,Reward,-4.4173155
Episode,1291,Reward,-4.1723824
Episode,1292,Reward,-4.4513063
Episode,1293,Reward,-4.3394923
Episode,1294,Reward,-4.337913
Episode,1295,Reward,-4.4334245
Episode,1296,Reward,-4.2913027
Episode,1297,Reward,-4.2075057
Episode,1298,Reward,-4.614616
Episode,1299,Reward,-4.511425
Episode,1300,Reward,-4.424178
Episode,1301,Reward,-3.886967
Episode,1302,Reward,-4.002868
Episode,1303,Reward,-4.030505
Episode,1304,Reward,-4.2579966
Episode,1305,Reward,-4.096532
Episode,1306,Reward,-4.5525007
Episode,1307,Reward,-4.5486965
Episode,1308,Reward,-4.3099813
Episode,1309,Reward,-4.48272
Episode,1310,Reward,-4.394644
Episode,1311,Reward,-4.2630687
Episode,1312,Reward,-4.266353
Episode,1313,Reward,-4.4291363
Episode,1314,Reward,-4.375031
Episode,1315,Reward,-4.1340485
Episode,1316,Reward,-4.29519
Episode,1317,Reward,-4.3784695
Episode,1318,Reward,-4.2518244
Episode,1319,Reward,-4.2353625
Episode,1320,Reward,-4.2019563
Episode,1321,Reward,-4.3995247
Episode,1322,Reward,-4.486154
Episode,1323,Reward,-4.497418
Episode,1324,Reward,-4.3036466
Episode,1325,Reward,-4.0420384
Episode,1326,Reward,-4.130009
Episode,1327,Reward,-4.2696266
Episode,1328,Reward,-4.455543
Episode,1329,Reward,-4.3752522
Episode,1330,Reward,-4.1945286
Episode,1331,Reward,-4.761011
Episode,1332,Reward,-3.9941523
Episode,1333,Reward,-4.3663206
Episode,1334,Reward,-4.605449
Episode,1335,Reward,-4.382972
Episode,1336,Reward,-4.3304524
Episode,1337,Reward,-4.472876
Episode,1338,Reward,-4.3774676
Episode,1339,Reward,-4.1414127
Episode,1340,Reward,-4.450677
Episode,1341,Reward,-4.3758073
Episode,1342,Reward,-4.562776
Episode,1343,Reward,-4.567323
Episode,1344,Reward,-4.71481
Episode,1345,Reward,-4.0712194
Episode,1346,Reward,-4.26674
Episode,1347,Reward,-4.680352
Episode,1348,Reward,-4.708594
Episode,1349,Reward,-4.1182513
Episode,1350,Reward,-4.239681
Episode,1351,Reward,-4.1543484
Episode,1352,Reward,-4.178872
Episode,1353,Reward,-4.267354
Episode,1354,Reward,-4.391808
Episode,1355,Reward,-4.1886196
Episode,1356,Reward,-4.335997
Episode,1357,Reward,-4.221773
Episode,1358,Reward,-4.3644133
Episode,1359,Reward,-4.17695
Episode,1360,Reward,-4.462171
Episode,1361,Reward,-4.247212
Episode,1362,Reward,-4.4103155
Episode,1363,Reward,-4.2179027
Episode,1364,Reward,-4.827834
Episode,1365,Reward,-4.6126637
Episode,1366,Reward,-4.359729
Episode,1367,Reward,-4.291914
Episode,1368,Reward,-4.4125757
Episode,1369,Reward,-4.2527423
Episode,1370,Reward,-4.3604703
Episode,1371,Reward,-4.566746
Episode,1372,Reward,-4.3731365
Episode,1373,Reward,-4.573204
Episode,1374,Reward,-4.4498
Episode,1375,Reward,-4.2384863
Episode,1376,Reward,-4.114015
Episode,1377,Reward,-4.2456703
Episode,1378,Reward,-4.534359
Episode,1379,Reward,-4.261574
Episode,1380,Reward,-4.147566
Episode,1381,Reward,-3.9912755
Episode,1382,Reward,-4.5848956
Episode,1383,Reward,-4.3408737
Episode,1384,Reward,-4.0606937
Episode,1385,Reward,-4.1380076
Episode,1386,Reward,-3.7656088
Episode,1387,Reward,-4.4086623
Episode,1388,Reward,-4.4873486
Episode,1389,Reward,-4.263082
Episode,1390,Reward,-4.433128
Episode,1391,Reward,-4.3043146
Episode,1392,Reward,-4.5482235
Episode,1393,Reward,-4.5134873
Episode,1394,Reward,-4.3669467
Episode,1395,Reward,-4.37957
Episode,1396,Reward,-4.0987425
Episode,1397,Reward,-4.3363957
Episode,1398,Reward,-4.6509624
Episode,1399,Reward,-4.4197264
Episode,1400,Reward,-4.4673214
Episode,1401,Reward,-4.0929937
Episode,1402,Reward,-4.693382
Episode,1403,Reward,-3.7934992
Episode,1404,Reward,-4.1759686
Episode,1405,Reward,-4.259998
Episode,1406,Reward,-4.0859976
Episode,1407,Reward,-4.102959
Episode,1408,Reward,-4.1981087
Episode,1409,Reward,-4.5018044
Episode,1410,Reward,-4.1363482
Episode,1411,Reward,-4.125689
Episode,1412,Reward,-4.7068806
Episode,1413,Reward,-4.4247174
Episode,1414,Reward,-4.289297
Episode,1415,Reward,-4.3089333
Episode,1416,Reward,-4.369658
Episode,1417,Reward,-4.337884
Episode,1418,Reward,-4.519378
Episode,1419,Reward,-4.1930947
Episode,1420,Reward,-4.582857
Episode,1421,Reward,-4.2810206
Episode,1422,Reward,-4.5161476
Episode,1423,Reward,-4.432208
Episode,1424,Reward,-4.148774
Episode,1425,Reward,-4.303324
Episode,1426,Reward,-4.3094354
Episode,1427,Reward,-3.941713
Episode,1428,Reward,-4.1386714
Episode,1429,Reward,-4.284027
Episode,1430,Reward,-4.150084
Episode,1431,Reward,-4.3963246
Episode,1432,Reward,-4.1164536
Episode,1433,Reward,-4.2463145
Episode,1434,Reward,-4.3148513
Episode,1435,Reward,-3.956767
Episode,1436,Reward,-4.3619804
Episode,1437,Reward,-4.0160704
Episode,1438,Reward,-4.122714
Episode,1439,Reward,-4.173387
Episode,1440,Reward,-4.157375
Episode,1441,Reward,-4.132858
Episode,1442,Reward,-4.3451953
Episode,1443,Reward,-4.4079914
Episode,1444,Reward,-4.127005
Episode,1445,Reward,-4.329247
Episode,1446,Reward,-4.3416886
Episode,1447,Reward,-4.4346576
Episode,1448,Reward,-4.5903
Episode,1449,Reward,-4.469931
Episode,1450,Reward,-3.830739
Episode,1451,Reward,-4.1924057
Episode,1452,Reward,-3.9947073
Episode,1453,Reward,-4.3323016
Episode,1454,Reward,-3.9258194
Episode,1455,Reward,-4.3824487
Episode,1456,Reward,-4.3436427
Episode,1457,Reward,-4.185756
Episode,1458,Reward,-4.5928497
Episode,1459,Reward,-4.198515
Episode,1460,Reward,-4.4377813
Episode,1461,Reward,-4.492614
Episode,1462,Reward,-4.326154
Episode,1463,Reward,-4.4554873
Episode,1464,Reward,-4.076437
Episode,1465,Reward,-4.28441
Episode,1466,Reward,-4.2002745
Episode,1467,Reward,-4.6140924
Episode,1468,Reward,-4.430528
Episode,1469,Reward,-4.58309
Episode,1470,Reward,-4.5406694
Episode,1471,Reward,-4.275475
Episode,1472,Reward,-4.3444343
Episode,1473,Reward,-4.3346963
Episode,1474,Reward,-4.0711613
Episode,1475,Reward,-4.3056736
Episode,1476,Reward,-4.2257366
Episode,1477,Reward,-4.2036395
Episode,1478,Reward,-4.3607693
Episode,1479,Reward,-4.4126353
Episode,1480,Reward,-4.0586905
Episode,1481,Reward,-4.040298
Episode,1482,Reward,-4.273414
Episode,1483,Reward,-4.527924
Episode,1484,Reward,-4.2884045
Episode,1485,Reward,-4.1802654
Episode,1486,Reward,-4.2047186
Episode,1487,Reward,-4.2349267
Episode,1488,Reward,-4.2925205
Episode,1489,Reward,-4.4682317
Episode,1490,Reward,-4.2037635
Episode,1491,Reward,-4.5038266
Episode,1492,Reward,-4.0898523
Episode,1493,Reward,-4.196051
Episode,1494,Reward,-4.149458
Episode,1495,Reward,-4.5752296
Episode,1496,Reward,-4.425138
Episode,1497,Reward,-4.2084546
Episode,1498,Reward,-4.2260065
Episode,1499,Reward,-4.6039915
Episode,1500,Reward,-3.8482003
Episode,1501,Reward,-4.7303176
Episode,1502,Reward,-4.356404
Episode,1503,Reward,-4.378585
Episode,1504,Reward,-4.607371
Episode,1505,Reward,-4.1479235
Episode,1506,Reward,-4.266726
Episode,1507,Reward,-4.224332
Episode,1508,Reward,-4.112497
Episode,1509,Reward,-4.3999815
Episode,1510,Reward,-4.259042
Episode,1511,Reward,-4.0742283
Episode,1512,Reward,-4.569554
Episode,1513,Reward,-4.5156965
Episode,1514,Reward,-4.1452208
Episode,1515,Reward,-4.1096435
Episode,1516,Reward,-4.049
Episode,1517,Reward,-4.4715915
Episode,1518,Reward,-4.526026
Episode,1519,Reward,-4.140882
Episode,1520,Reward,-4.2097235
Episode,1521,Reward,-4.1677675
Episode,1522,Reward,-4.231807
Episode,1523,Reward,-4.378168
Episode,1524,Reward,-4.1608596
Episode,1525,Reward,-4.3857822
Episode,1526,Reward,-4.22989
Episode,1527,Reward,-4.3500943
Episode,1528,Reward,-4.1161766
Episode,1529,Reward,-4.373353
Episode,1530,Reward,-4.0796947
Episode,1531,Reward,-4.051454
Episode,1532,Reward,-4.1549926
Episode,1533,Reward,-4.0998745
Episode,1534,Reward,-4.370488
Episode,1535,Reward,-3.944539
Episode,1536,Reward,-4.404796
Episode,1537,Reward,-4.3672566
Episode,1538,Reward,-4.3732
Episode,1539,Reward,-4.4731193
Episode,1540,Reward,-4.6863656
Episode,1541,Reward,-4.300058
Episode,1542,Reward,-4.325264
Episode,1543,Reward,-3.980649
Episode,1544,Reward,-4.2192383
Episode,1545,Reward,-4.546062
Episode,1546,Reward,-4.555943
Episode,1547,Reward,-3.954884
Episode,1548,Reward,-4.141886
Episode,1549,Reward,-4.048488
Episode,1550,Reward,-4.318562
Episode,1551,Reward,-4.306359
Episode,1552,Reward,-4.390987
Episode,1553,Reward,-4.554472
Episode,1554,Reward,-4.303278
Episode,1555,Reward,-4.4099107
Episode,1556,Reward,-4.4792066
Episode,1557,Reward,-4.534842
Episode,1558,Reward,-4.6239333
Episode,1559,Reward,-4.201203
Episode,1560,Reward,-4.315591
Episode,1561,Reward,-4.348963
Episode,1562,Reward,-4.1542473
Episode,1563,Reward,-4.161665
Episode,1564,Reward,-4.179803
Episode,1565,Reward,-4.3231945
Episode,1566,Reward,-4.2682114
Episode,1567,Reward,-4.3733897
Episode,1568,Reward,-4.245374
Episode,1569,Reward,-4.42973
Episode,1570,Reward,-4.160055
Episode,1571,Reward,-4.1472645
Episode,1572,Reward,-4.216101
Episode,1573,Reward,-4.088685
Episode,1574,Reward,-4.3893065
Episode,1575,Reward,-4.3925714
Episode,1576,Reward,-4.294426
Episode,1577,Reward,-4.308989
Episode,1578,Reward,-4.3850813
Episode,1579,Reward,-4.232987
Episode,1580,Reward,-4.155787
Episode,1581,Reward,-4.400196
Episode,1582,Reward,-3.9704542
Episode,1583,Reward,-4.084475
Episode,1584,Reward,-4.3184214
Episode,1585,Reward,-4.152974
Episode,1586,Reward,-4.5273056
Episode,1587,Reward,-4.1577864
Episode,1588,Reward,-4.212293
Episode,1589,Reward,-4.137519
Episode,1590,Reward,-4.0757203
Episode,1591,Reward,-4.175218
Episode,1592,Reward,-3.9441109
Episode,1593,Reward,-4.277606
Episode,1594,Reward,-4.7113943
Episode,1595,Reward,-3.9355004
Episode,1596,Reward,-4.7460337
Episode,1597,Reward,-4.1257024
Episode,1598,Reward,-4.453186
Episode,1599,Reward,-4.314705
Episode,1600,Reward,-4.2011514
Episode,1601,Reward,-4.1506615
Episode,1602,Reward,-4.4923434
Episode,1603,Reward,-4.3051376
Episode,1604,Reward,-4.191582
Episode,1605,Reward,-4.341127
Episode,1606,Reward,-4.1309743
Episode,1607,Reward,-4.403613
Episode,1608,Reward,-3.9853308
Episode,1609,Reward,-4.5755796
Episode,1610,Reward,-4.6390944
Episode,1611,Reward,-4.150665
Episode,1612,Reward,-4.258037
Episode,1613,Reward,-4.160526
Episode,1614,Reward,-4.2593
Episode,1615,Reward,-4.340386
Episode,1616,Reward,-4.272499
Episode,1617,Reward,-3.9695802
Episode,1618,Reward,-4.0942554
Episode,1619,Reward,-4.1374984
Episode,1620,Reward,-4.099178
Episode,1621,Reward,-4.36953
Episode,1622,Reward,-3.8957105
Episode,1623,Reward,-4.2835765
Episode,1624,Reward,-4.1265173
Episode,1625,Reward,-4.028699
Episode,1626,Reward,-4.0989223
Episode,1627,Reward,-4.592574
Episode,1628,Reward,-4.0703583
Episode,1629,Reward,-3.9135702
Episode,1630,Reward,-4.4741273
Episode,1631,Reward,-4.1172504
Episode,1632,Reward,-4.109039
Episode,1633,Reward,-3.9967823
Episode,1634,Reward,-4.0804214
Episode,1635,Reward,-3.9549377
Episode,1636,Reward,-4.1380954
Episode,1637,Reward,-4.3797755
Episode,1638,Reward,-4.1925955
Episode,1639,Reward,-4.201237
Episode,1640,Reward,-4.305072
Episode,1641,Reward,-4.1410995
Episode,1642,Reward,-4.3222876
Episode,1643,Reward,-4.247578
Episode,1644,Reward,-4.718361
Episode,1645,Reward,-4.216163
Episode,1646,Reward,-3.8431685
Episode,1647,Reward,-4.196049
Episode,1648,Reward,-4.3260274
Episode,1649,Reward,-3.9530554
Episode,1650,Reward,-4.1613317
Episode,1651,Reward,-4.145478
Episode,1652,Reward,-3.8685741
Episode,1653,Reward,-4.107685
Episode,1654,Reward,-4.472366
Episode,1655,Reward,-3.961598
Episode,1656,Reward,-4.037012
Episode,1657,Reward,-4.0683613
Episode,1658,Reward,-4.378995
Episode,1659,Reward,-3.9600484
Episode,1660,Reward,-4.2921762
Episode,1661,Reward,-4.4557853
Episode,1662,Reward,-4.261835
Episode,1663,Reward,-3.8942294
Episode,1664,Reward,-4.3061595
Episode,1665,Reward,-4.034472
Episode,1666,Reward,-4.3273635
Episode,1667,Reward,-4.296647
Episode,1668,Reward,-4.2333665
Episode,1669,Reward,-3.9521737
Episode,1670,Reward,-4.559759
Episode,1671,Reward,-4.3904
Episode,1672,Reward,-4.4178133
Episode,1673,Reward,-4.5800986
Episode,1674,Reward,-4.0685673
Episode,1675,Reward,-4.1693206
Episode,1676,Reward,-4.1763763
Episode,1677,Reward,-4.489896
Episode,1678,Reward,-4.142718
Episode,1679,Reward,-4.0739594
Episode,1680,Reward,-4.3481264
Episode,1681,Reward,-4.357941
Episode,1682,Reward,-4.2886214
Episode,1683,Reward,-4.158159
Episode,1684,Reward,-3.9572315
Episode,1685,Reward,-4.2230334
Episode,1686,Reward,-4.148837
Episode,1687,Reward,-4.2977457
Episode,1688,Reward,-3.9698389
Episode,1689,Reward,-4.3029494
Episode,1690,Reward,-4.1569557
Episode,1691,Reward,-4.040678
Episode,1692,Reward,-4.1297355
Episode,1693,Reward,-4.188536
Episode,1694,Reward,-4.2177167
Episode,1695,Reward,-4.241634
Episode,1696,Reward,-4.0550203
Episode,1697,Reward,-4.031602
Episode,1698,Reward,-4.3081417
Episode,1699,Reward,-4.27833
Episode,1700,Reward,-4.0155115
Episode,1701,Reward,-4.49434
Episode,1702,Reward,-4.35499
Episode,1703,Reward,-4.3945513
Episode,1704,Reward,-4.12511
Episode,1705,Reward,-4.7994547
Episode,1706,Reward,-4.1978555
Episode,1707,Reward,-4.077407
Episode,1708,Reward,-4.322679
Episode,1709,Reward,-4.0501447
Episode,1710,Reward,-4.0168734
Episode,1711,Reward,-4.0234437
Episode,1712,Reward,-4.109523
Episode,1713,Reward,-4.2098722
Episode,1714,Reward,-4.055293
Episode,1715,Reward,-3.842025
Episode,1716,Reward,-4.2041
Episode,1717,Reward,-4.0031185
Episode,1718,Reward,-4.0608277
Episode,1719,Reward,-4.3707047
Episode,1720,Reward,-4.219592
Episode,1721,Reward,-4.1132207
Episode,1722,Reward,-4.3592877
Episode,1723,Reward,-4.1789975
Episode,1724,Reward,-4.5072565
Episode,1725,Reward,-4.200556
Episode,1726,Reward,-4.264209
Episode,1727,Reward,-4.028536
Episode,1728,Reward,-4.288868
Episode,1729,Reward,-4.155686
Episode,1730,Reward,-3.8167293
Episode,1731,Reward,-4.3698087
Episode,1732,Reward,-3.9724092
Episode,1733,Reward,-4.307754
Episode,1734,Reward,-4.0108366
Episode,1735,Reward,-4.540945
Episode,1736,Reward,-4.510639
Episode,1737,Reward,-4.375211
Episode,1738,Reward,-4.3409705
Episode,1739,Reward,-4.4185224
Episode,1740,Reward,-4.0805497
Episode,1741,Reward,-4.0094123
Episode,1742,Reward,-4.0270295
Episode,1743,Reward,-4.2417755
Episode,1744,Reward,-4.209445
Episode,1745,Reward,-4.0762825
Episode,1746,Reward,-3.9406745
Episode,1747,Reward,-4.2648563
Episode,1748,Reward,-3.8981454
Episode,1749,Reward,-4.0118837
Episode,1750,Reward,-4.0838165
Episode,1751,Reward,-4.0044847
Episode,1752,Reward,-4.396833
Episode,1753,Reward,-4.203784
Episode,1754,Reward,-4.1854587
Episode,1755,Reward,-3.9614015
Episode,1756,Reward,-4.370329
Episode,1757,Reward,-3.8550057
Episode,1758,Reward,-4.3895555
Episode,1759,Reward,-4.169804
Episode,1760,Reward,-3.9805925
Episode,1761,Reward,-4.2896857
Episode,1762,Reward,-3.9955795
Episode,1763,Reward,-4.1921706
Episode,1764,Reward,-4.085235
Episode,1765,Reward,-4.206011
Episode,1766,Reward,-4.0618825
Episode,1767,Reward,-3.6732113
Episode,1768,Reward,-3.987874
Episode,1769,Reward,-4.0505443
Episode,1770,Reward,-4.137064
Episode,1771,Reward,-4.1220217
Episode,1772,Reward,-3.9096396
Episode,1773,Reward,-4.41381
Episode,1774,Reward,-4.1941953
Episode,1775,Reward,-4.24447
Episode,1776,Reward,-3.845756
Episode,1777,Reward,-4.077679
Episode,1778,Reward,-3.9667244
Episode,1779,Reward,-3.9918802
Episode,1780,Reward,-4.1537123
Episode,1781,Reward,-3.9565873
Episode,1782,Reward,-3.9679382
Episode,1783,Reward,-4.1138916
Episode,1784,Reward,-4.1543775
Episode,1785,Reward,-4.239823
Episode,1786,Reward,-4.017777
Episode,1787,Reward,-4.4044433
Episode,1788,Reward,-4.0719414
Episode,1789,Reward,-4.151539
Episode,1790,Reward,-3.8274195
Episode,1791,Reward,-4.1010284
Episode,1792,Reward,-4.4683304
Episode,1793,Reward,-3.8285482
Episode,1794,Reward,-3.7651896
Episode,1795,Reward,-3.9605095
Episode,1796,Reward,-4.194786
Episode,1797,Reward,-3.8005412
Episode,1798,Reward,-4.313614
Episode,1799,Reward,-3.9334862
Episode,1800,Reward,-4.1634884
Episode,1801,Reward,-4.1359115
Episode,1802,Reward,-4.421904
Episode,1803,Reward,-4.1330414
Episode,1804,Reward,-4.2734523
Episode,1805,Reward,-4.077041
Episode,1806,Reward,-3.9704964
Episode,1807,Reward,-4.033923
Episode,1808,Reward,-4.509919
Episode,1809,Reward,-4.2699714
Episode,1810,Reward,-4.2050004
Episode,1811,Reward,-4.122951
Episode,1812,Reward,-3.9281485
Episode,1813,Reward,-4.2765455
Episode,1814,Reward,-4.1178465
Episode,1815,Reward,-4.35995
Episode,1816,Reward,-4.037738
Episode,1817,Reward,-4.122721
Episode,1818,Reward,-4.159958
Episode,1819,Reward,-4.0044627
Episode,1820,Reward,-4.0377016
Episode,1821,Reward,-4.09892
Episode,1822,Reward,-4.310747
Episode,1823,Reward,-3.9255424
Episode,1824,Reward,-4.1720815
Episode,1825,Reward,-4.1341734
Episode,1826,Reward,-4.3538046
Episode,1827,Reward,-4.32068
Episode,1828,Reward,-3.6093855
Episode,1829,Reward,-4.0873475
Episode,1830,Reward,-4.0475116
Episode,1831,Reward,-4.0562406
Episode,1832,Reward,-3.8509498
Episode,1833,Reward,-3.992804
Episode,1834,Reward,-3.9185548
Episode,1835,Reward,-4.125426
Episode,1836,Reward,-4.1887608
Episode,1837,Reward,-3.862444
Episode,1838,Reward,-4.1607046
Episode,1839,Reward,-4.283413
Episode,1840,Reward,-3.9099114
Episode,1841,Reward,-3.9939387
Episode,1842,Reward,-4.13763
Episode,1843,Reward,-4.1560473
Episode,1844,Reward,-4.210684
Episode,1845,Reward,-4.3656964
Episode,1846,Reward,-4.128683
Episode,1847,Reward,-3.8631673
Episode,1848,Reward,-3.9112675
Episode,1849,Reward,-3.9946744
Episode,1850,Reward,-4.128987
Episode,1851,Reward,-4.2738943
Episode,1852,Reward,-4.1308446
Episode,1853,Reward,-4.316508
Episode,1854,Reward,-4.0473166
Episode,1855,Reward,-4.0503316
Episode,1856,Reward,-4.1081944
Episode,1857,Reward,-4.134517
Episode,1858,Reward,-3.8547893
Episode,1859,Reward,-4.0387397
Episode,1860,Reward,-3.8062744
Episode,1861,Reward,-4.2135496
Episode,1862,Reward,-3.9735181
Episode,1863,Reward,-4.4459424
Episode,1864,Reward,-3.946954
Episode,1865,Reward,-4.0754905
Episode,1866,Reward,-4.1061807
Episode,1867,Reward,-3.828372
Episode,1868,Reward,-4.183811
Episode,1869,Reward,-3.8295572
Episode,1870,Reward,-4.07556
Episode,1871,Reward,-3.8377035
Episode,1872,Reward,-4.399594
Episode,1873,Reward,-3.96715
Episode,1874,Reward,-3.7084384
Episode,1875,Reward,-4.028541
Episode,1876,Reward,-3.7708244
Episode,1877,Reward,-4.209994
Episode,1878,Reward,-4.2372017
Episode,1879,Reward,-4.3908787
Episode,1880,Reward,-4.220657
Episode,1881,Reward,-3.7308178
Episode,1882,Reward,-4.0910325
Episode,1883,Reward,-4.215916
Episode,1884,Reward,-4.14911
Episode,1885,Reward,-3.8817968
Episode,1886,Reward,-4.052322
Episode,1887,Reward,-3.867868
Episode,1888,Reward,-4.0495524
Episode,1889,Reward,-3.9905155
Episode,1890,Reward,-4.2020264
Episode,1891,Reward,-4.218438
Episode,1892,Reward,-4.095344
Episode,1893,Reward,-3.9136865
Episode,1894,Reward,-4.2802396
Episode,1895,Reward,-3.928029
Episode,1896,Reward,-4.05634
Episode,1897,Reward,-4.244012
Episode,1898,Reward,-3.7663152
Episode,1899,Reward,-3.938724
Episode,1900,Reward,-4.0110073
Episode,1901,Reward,-4.0461955
Episode,1902,Reward,-3.847932
Episode,1903,Reward,-3.9088762
Episode,1904,Reward,-3.8375094
Episode,1905,Reward,-4.0364404
Episode,1906,Reward,-3.9458098
Episode,1907,Reward,-3.8587532
Episode,1908,Reward,-3.963138
Episode,1909,Reward,-4.0795794
Episode,1910,Reward,-4.30081
Episode,1911,Reward,-3.8250008
Episode,1912,Reward,-4.12989
Episode,1913,Reward,-3.8897169
Episode,1914,Reward,-3.785595
Episode,1915,Reward,-4.026466
Episode,1916,Reward,-4.2747393
Episode,1917,Reward,-3.950159
Episode,1918,Reward,-4.0505023
Episode,1919,Reward,-4.263121
Episode,1920,Reward,-3.9755163
Episode,1921,Reward,-4.117173
Episode,1922,Reward,-4.168738
Episode,1923,Reward,-4.213691
Episode,1924,Reward,-3.9307797
Episode,1925,Reward,-4.322559
Episode,1926,Reward,-4.0426683
Episode,1927,Reward,-3.807898
Episode,1928,Reward,-4.304806
Episode,1929,Reward,-4.3418994
Episode,1930,Reward,-3.7292457
Episode,1931,Reward,-3.8610864
Episode,1932,Reward,-4.1819115
Episode,1933,Reward,-3.6665184
Episode,1934,Reward,-4.1175284
Episode,1935,Reward,-3.9572604
Episode,1936,Reward,-4.020035
Episode,1937,Reward,-3.8867319
Episode,1938,Reward,-4.0928183
Episode,1939,Reward,-3.477806
Episode,1940,Reward,-4.201225
Episode,1941,Reward,-3.9966455
Episode,1942,Reward,-4.124794
Episode,1943,Reward,-3.8940063
Episode,1944,Reward,-4.1830945
Episode,1945,Reward,-3.759954
Episode,1946,Reward,-3.7650976
Episode,1947,Reward,-3.922715
Episode,1948,Reward,-3.8996818
Episode,1949,Reward,-3.990669
Episode,1950,Reward,-4.2881145
Episode,1951,Reward,-4.112254
Episode,1952,Reward,-3.8477962
Episode,1953,Reward,-3.9849052
Episode,1954,Reward,-4.0082774
Episode,1955,Reward,-4.112168
Episode,1956,Reward,-4.0910697
Episode,1957,Reward,-3.861886
Episode,1958,Reward,-4.154913
Episode,1959,Reward,-3.7727304
Episode,1960,Reward,-4.0661182
Episode,1961,Reward,-3.692072
Episode,1962,Reward,-4.1804905
Episode,1963,Reward,-4.1689777
Episode,1964,Reward,-4.0911326
Episode,1965,Reward,-3.83007
Episode,1966,Reward,-4.3394084
Episode,1967,Reward,-4.070239
Episode,1968,Reward,-3.9809937
Episode,1969,Reward,-4.1229506
Episode,1970,Reward,-3.833306
Episode,1971,Reward,-4.1619525
Episode,1972,Reward,-3.7642045
Episode,1973,Reward,-4.012608
Episode,1974,Reward,-4.2365294
Episode,1975,Reward,-3.6540534
Episode,1976,Reward,-4.1058784
Episode,1977,Reward,-3.8869526
Episode,1978,Reward,-4.0705
Episode,1979,Reward,-3.3859117
Episode,1980,Reward,-3.9678695
Episode,1981,Reward,-4.175702
Episode,1982,Reward,-4.082927
Episode,1983,Reward,-3.9987187
Episode,1984,Reward,-4.136265
Episode,1985,Reward,-4.2284365
Episode,1986,Reward,-4.1256804
Episode,1987,Reward,-4.1617336
Episode,1988,Reward,-3.9964705
Episode,1989,Reward,-4.1266675
Episode,1990,Reward,-3.9991577
Episode,1991,Reward,-4.137454
Episode,1992,Reward,-4.153143
Episode,1993,Reward,-4.059669
Episode,1994,Reward,-4.1032367
Episode,1995,Reward,-3.821957
Episode,1996,Reward,-4.063999
Episode,1997,Reward,-3.7755818
Episode,1998,Reward,-4.220416
Episode,1999,Reward,-4.156061
Episode,2000,Reward,-4.154546
Episode,2001,Reward,-3.8430738
Episode,2002,Reward,-3.8936026
Episode,2003,Reward,-3.6550415
Episode,2004,Reward,-3.9576237
Episode,2005,Reward,-4.023062
Episode,2006,Reward,-4.2274714
Episode,2007,Reward,-3.8138025
Episode,2008,Reward,-4.1797495
Episode,2009,Reward,-3.9311345
Episode,2010,Reward,-3.996817
Episode,2011,Reward,-3.7226195
Episode,2012,Reward,-4.050556
Episode,2013,Reward,-3.8901763
Episode,2014,Reward,-3.9214442
Episode,2015,Reward,-4.046239
Episode,2016,Reward,-3.8167472
Episode,2017,Reward,-3.9692636
Episode,2018,Reward,-4.059777
Episode,2019,Reward,-3.7747283
Episode,2020,Reward,-3.735279
Episode,2021,Reward,-4.031624
Episode,2022,Reward,-3.6443095
Episode,2023,Reward,-4.067064
Episode,2024,Reward,-3.9813163
Episode,2025,Reward,-4.0248275
Episode,2026,Reward,-4.091818
Episode,2027,Reward,-3.7251775
Episode,2028,Reward,-4.051954
Episode,2029,Reward,-3.9392579
Episode,2030,Reward,-4.1202173
Episode,2031,Reward,-4.102927
Episode,2032,Reward,-4.116808
Episode,2033,Reward,-4.1465673
Episode,2034,Reward,-4.441199
Episode,2035,Reward,-4.028175
Episode,2036,Reward,-4.4223204
Episode,2037,Reward,-4.130844
Episode,2038,Reward,-3.9259582
Episode,2039,Reward,-4.189497
Episode,2040,Reward,-3.9614155
Episode,2041,Reward,-4.227819
Episode,2042,Reward,-4.0180345
Episode,2043,Reward,-3.7606719
Episode,2044,Reward,-4.0564375
Episode,2045,Reward,-3.7646933
Episode,2046,Reward,-4.037863
Episode,2047,Reward,-3.9797664
Episode,2048,Reward,-3.8228726
Episode,2049,Reward,-3.9980462
Episode,2050,Reward,-3.8360515
Episode,2051,Reward,-4.064729
Episode,2052,Reward,-4.1785636
Episode,2053,Reward,-3.7068396
Episode,2054,Reward,-3.8108785
Episode,2055,Reward,-3.7252548
Episode,2056,Reward,-3.8473601
Episode,2057,Reward,-3.8912866
Episode,2058,Reward,-4.230617
Episode,2059,Reward,-4.044078
Episode,2060,Reward,-4.2038717
Episode,2061,Reward,-3.890179
Episode,2062,Reward,-3.811567
Episode,2063,Reward,-3.7955413
Episode,2064,Reward,-4.126005
Episode,2065,Reward,-3.8974035
Episode,2066,Reward,-3.9998271
Episode,2067,Reward,-4.2893624
Episode,2068,Reward,-4.188237
Episode,2069,Reward,-3.6971993
Episode,2070,Reward,-4.164068
Episode,2071,Reward,-4.195411
Episode,2072,Reward,-3.9210184
Episode,2073,Reward,-3.7299092
Episode,2074,Reward,-4.041511
Episode,2075,Reward,-3.777428
Episode,2076,Reward,-3.9550517
Episode,2077,Reward,-4.029032
Episode,2078,Reward,-3.8622282
Episode,2079,Reward,-4.1030517
Episode,2080,Reward,-4.2643304
Episode,2081,Reward,-3.9180908
Episode,2082,Reward,-4.2627015
Episode,2083,Reward,-4.0104494
Episode,2084,Reward,-4.227074
Episode,2085,Reward,-4.255549
Episode,2086,Reward,-3.9060347
Episode,2087,Reward,-3.9579077
Episode,2088,Reward,-3.93336
Episode,2089,Reward,-3.8430908
Episode,2090,Reward,-4.0728745
Episode,2091,Reward,-3.7894588
Episode,2092,Reward,-3.9763143
Episode,2093,Reward,-4.1245933
Episode,2094,Reward,-3.9827905
Episode,2095,Reward,-3.7999434
Episode,2096,Reward,-4.0000253
Episode,2097,Reward,-4.187665
Episode,2098,Reward,-4.1634707
Episode,2099,Reward,-3.8463895
Episode,2100,Reward,-4.1933546
Episode,2101,Reward,-4.0578227
Episode,2102,Reward,-4.071579
Episode,2103,Reward,-4.017266
Episode,2104,Reward,-3.8546386
Episode,2105,Reward,-4.2279844
Episode,2106,Reward,-3.8763094
Episode,2107,Reward,-4.0305467
Episode,2108,Reward,-3.8009188
Episode,2109,Reward,-3.6646235
Episode,2110,Reward,-4.073598
Episode,2111,Reward,-4.1111784
Episode,2112,Reward,-4.11853
Episode,2113,Reward,-3.9604475
Episode,2114,Reward,-4.192893
Episode,2115,Reward,-3.8327901
Episode,2116,Reward,-3.7785501
Episode,2117,Reward,-4.0763125
Episode,2118,Reward,-3.9460506
Episode,2119,Reward,-3.8973992
Episode,2120,Reward,-3.8146696
Episode,2121,Reward,-3.9166996
Episode,2122,Reward,-4.106523
Episode,2123,Reward,-4.0575867
Episode,2124,Reward,-3.96608
Episode,2125,Reward,-4.1110563
Episode,2126,Reward,-4.299551
Episode,2127,Reward,-3.7149901
Episode,2128,Reward,-3.9658024
Episode,2129,Reward,-4.198932
Episode,2130,Reward,-3.8110409
Episode,2131,Reward,-4.0214353
Episode,2132,Reward,-3.825831
Episode,2133,Reward,-4.179399
Episode,2134,Reward,-3.721005
Episode,2135,Reward,-3.9679704
Episode,2136,Reward,-4.169698
Episode,2137,Reward,-3.7933939
Episode,2138,Reward,-3.961944
Episode,2139,Reward,-4.005475
Episode,2140,Reward,-4.249984
Episode,2141,Reward,-3.8581445
Episode,2142,Reward,-3.9525912
Episode,2143,Reward,-4.157288
Episode,2144,Reward,-3.796727
Episode,2145,Reward,-3.7977037
Episode,2146,Reward,-3.826952
Episode,2147,Reward,-4.0078406
Episode,2148,Reward,-3.98573
Episode,2149,Reward,-3.8797624
Episode,2150,Reward,-3.885726
Episode,2151,Reward,-3.8993034
Episode,2152,Reward,-3.8532674
Episode,2153,Reward,-3.7656648
Episode,2154,Reward,-4.1524587
Episode,2155,Reward,-4.005811
Episode,2156,Reward,-4.0188193
Episode,2157,Reward,-3.9845545
Episode,2158,Reward,-3.7070508
Episode,2159,Reward,-3.7408764
Episode,2160,Reward,-3.9123755
Episode,2161,Reward,-3.9055724
Episode,2162,Reward,-3.9070694
Episode,2163,Reward,-4.2603807
Episode,2164,Reward,-4.0922685
Episode,2165,Reward,-4.167218
Episode,2166,Reward,-4.0634365
Episode,2167,Reward,-4.2678375
Episode,2168,Reward,-3.9372518
Episode,2169,Reward,-3.7610946
Episode,2170,Reward,-3.6719124
Episode,2171,Reward,-4.072336
Episode,2172,Reward,-4.0316896
Episode,2173,Reward,-3.920949
Episode,2174,Reward,-3.958344
Episode,2175,Reward,-3.896834
Episode,2176,Reward,-4.033718
Episode,2177,Reward,-4.0196624
Episode,2178,Reward,-4.079548
Episode,2179,Reward,-4.069868
Episode,2180,Reward,-3.8759282
Episode,2181,Reward,-4.3669086
Episode,2182,Reward,-4.0089574
Episode,2183,Reward,-3.9277108
Episode,2184,Reward,-4.2048016
Episode,2185,Reward,-3.7776024
Episode,2186,Reward,-4.151586
Episode,2187,Reward,-3.837887
Episode,2188,Reward,-3.8414803
Episode,2189,Reward,-3.8264556
Episode,2190,Reward,-4.057178
Episode,2191,Reward,-4.2241907
Episode,2192,Reward,-3.992948
Episode,2193,Reward,-3.616976
Episode,2194,Reward,-3.770972
Episode,2195,Reward,-4.0458755
Episode,2196,Reward,-3.9565575
Episode,2197,Reward,-3.980854
Episode,2198,Reward,-3.9354305
Episode,2199,Reward,-3.9785755
Episode,2200,Reward,-4.21584
Episode,2201,Reward,-4.2257495
Episode,2202,Reward,-3.9062207
Episode,2203,Reward,-3.9666822
Episode,2204,Reward,-3.5101855
Episode,2205,Reward,-4.1849623
Episode,2206,Reward,-4.074055
Episode,2207,Reward,-4.0516357
Episode,2208,Reward,-3.841357
Episode,2209,Reward,-3.7337475
Episode,2210,Reward,-4.2296753
Episode,2211,Reward,-4.0402126
Episode,2212,Reward,-3.798444
Episode,2213,Reward,-3.7813063
Episode,2214,Reward,-3.9387023
Episode,2215,Reward,-4.0591693
Episode,2216,Reward,-3.5493107
Episode,2217,Reward,-4.1709785
Episode,2218,Reward,-4.116731
Episode,2219,Reward,-3.8491325
Episode,2220,Reward,-3.6925745
Episode,2221,Reward,-3.9390917
Episode,2222,Reward,-3.630695
Episode,2223,Reward,-3.9010682
Episode,2224,Reward,-4.04461
Episode,2225,Reward,-4.0428233
Episode,2226,Reward,-3.7127275
Episode,2227,Reward,-4.071005
Episode,2228,Reward,-3.956198
Episode,2229,Reward,-4.096424
Episode,2230,Reward,-3.9744246
Episode,2231,Reward,-3.9323788
Episode,2232,Reward,-3.7755702
Episode,2233,Reward,-3.9626217
Episode,2234,Reward,-4.462954
Episode,2235,Reward,-4.0940323
Episode,2236,Reward,-3.7846575
Episode,2237,Reward,-3.7547739
Episode,2238,Reward,-3.7561598
Episode,2239,Reward,-4.036104
Episode,2240,Reward,-3.8643005
Episode,2241,Reward,-3.6963696
Episode,2242,Reward,-3.4870887
Episode,2243,Reward,-3.8818758
Episode,2244,Reward,-3.843768
Episode,2245,Reward,-4.5365424
Episode,2246,Reward,-3.7893906
Episode,2247,Reward,-3.9565978
Episode,2248,Reward,-4.1291456
Episode,2249,Reward,-3.6901977
Episode,2250,Reward,-3.9363525
Episode,2251,Reward,-3.9083772
Episode,2252,Reward,-4.0474234
Episode,2253,Reward,-3.670275
Episode,2254,Reward,-3.6886506
Episode,2255,Reward,-3.9980664
Episode,2256,Reward,-3.888955
Episode,2257,Reward,-4.2122345
Episode,2258,Reward,-3.511499
Episode,2259,Reward,-4.075162
Episode,2260,Reward,-3.8402646
Episode,2261,Reward,-4.0211253
Episode,2262,Reward,-4.0826993
Episode,2263,Reward,-4.080174
Episode,2264,Reward,-4.018349
Episode,2265,Reward,-3.6136832
Episode,2266,Reward,-4.066231
Episode,2267,Reward,-4.059904
Episode,2268,Reward,-3.8640645
Episode,2269,Reward,-4.0222263
Episode,2270,Reward,-3.7957976
Episode,2271,Reward,-3.8162906
Episode,2272,Reward,-4.38379
Episode,2273,Reward,-3.989858
Episode,2274,Reward,-4.025604
Episode,2275,Reward,-3.6225667
Episode,2276,Reward,-4.10103
Episode,2277,Reward,-4.0056777
Episode,2278,Reward,-4.288288
Episode,2279,Reward,-3.9707654
Episode,2280,Reward,-3.798621
Episode,2281,Reward,-3.9290242
Episode,2282,Reward,-4.145587
Episode,2283,Reward,-4.1793985
Episode,2284,Reward,-4.099363
Episode,2285,Reward,-3.7518237
Episode,2286,Reward,-3.9210572
Episode,2287,Reward,-3.8470383
Episode,2288,Reward,-4.127057
Episode,2289,Reward,-3.9861403
Episode,2290,Reward,-3.686763
Episode,2291,Reward,-4.002483
Episode,2292,Reward,-4.090192
Episode,2293,Reward,-3.8577905
Episode,2294,Reward,-3.774327
Episode,2295,Reward,-4.1070166
Episode,2296,Reward,-4.045306
Episode,2297,Reward,-3.953793
Episode,2298,Reward,-3.7236419
Episode,2299,Reward,-4.390119
Episode,2300,Reward,-4.0500045
Episode,2301,Reward,-3.9947383
Episode,2302,Reward,-3.916466
Episode,2303,Reward,-3.7346475
Episode,2304,Reward,-3.8851714
Episode,2305,Reward,-4.1751537
Episode,2306,Reward,-4.169513
Episode,2307,Reward,-4.1772695
Episode,2308,Reward,-4.104268
Episode,2309,Reward,-3.9297478
Episode,2310,Reward,-4.172842
Episode,2311,Reward,-3.849611
Episode,2312,Reward,-4.0603237
Episode,2313,Reward,-3.9614487
Episode,2314,Reward,-3.9042952
Episode,2315,Reward,-3.9427698
Episode,2316,Reward,-3.8345149
Episode,2317,Reward,-4.028729
Episode,2318,Reward,-3.9078748
Episode,2319,Reward,-3.7495556
Episode,2320,Reward,-3.9994621
Episode,2321,Reward,-3.9443188
Episode,2322,Reward,-4.1823606
Episode,2323,Reward,-3.8062866
Episode,2324,Reward,-3.9013252
Episode,2325,Reward,-4.0608473
Episode,2326,Reward,-3.9216177
Episode,2327,Reward,-3.8294857
Episode,2328,Reward,-3.478705
Episode,2329,Reward,-4.1063323
Episode,2330,Reward,-4.022354
Episode,2331,Reward,-3.8943405
Episode,2332,Reward,-4.1382318
Episode,2333,Reward,-3.7788298
Episode,2334,Reward,-3.8402197
Episode,2335,Reward,-3.792736
Episode,2336,Reward,-3.891479
Episode,2337,Reward,-3.966639
Episode,2338,Reward,-4.0546703
Episode,2339,Reward,-4.101231
Episode,2340,Reward,-3.5745418
Episode,2341,Reward,-3.8886812
Episode,2342,Reward,-4.0475855
Episode,2343,Reward,-3.9161458
Episode,2344,Reward,-4.1380754
Episode,2345,Reward,-4.158452
Episode,2346,Reward,-3.6029906
Episode,2347,Reward,-3.8604326
Episode,2348,Reward,-4.018102
Episode,2349,Reward,-4.069876
Episode,2350,Reward,-4.160321
Episode,2351,Reward,-3.596849
Episode,2352,Reward,-3.850389
Episode,2353,Reward,-3.6108496
Episode,2354,Reward,-4.181316
Episode,2355,Reward,-3.8064926
Episode,2356,Reward,-3.8595088
Episode,2357,Reward,-3.7573755
Episode,2358,Reward,-3.8207593
Episode,2359,Reward,-3.6867912
Episode,2360,Reward,-3.6453793
Episode,2361,Reward,-4.0185866
Episode,2362,Reward,-4.372744
Episode,2363,Reward,-4.022087
Episode,2364,Reward,-3.8468416
Episode,2365,Reward,-3.7683601
Episode,2366,Reward,-4.0592303
Episode,2367,Reward,-3.7153482
Episode,2368,Reward,-3.5889046
Episode,2369,Reward,-3.7112582
Episode,2370,Reward,-4.1488314
Episode,2371,Reward,-3.5491643
Episode,2372,Reward,-3.8509562
Episode,2373,Reward,-3.9040072
Episode,2374,Reward,-3.893743
Episode,2375,Reward,-3.7761161
Episode,2376,Reward,-4.096688
Episode,2377,Reward,-4.0456467
Episode,2378,Reward,-3.8784232
Episode,2379,Reward,-3.5532007
Episode,2380,Reward,-3.6826246
Episode,2381,Reward,-3.8217366
Episode,2382,Reward,-4.057756
Episode,2383,Reward,-3.7367342
Episode,2384,Reward,-3.9703434
Episode,2385,Reward,-3.5696561
Episode,2386,Reward,-4.0455976
Episode,2387,Reward,-4.0538177
Episode,2388,Reward,-3.8905318
Episode,2389,Reward,-3.804554
Episode,2390,Reward,-3.7591178
Episode,2391,Reward,-3.8837407
Episode,2392,Reward,-3.59615
Episode,2393,Reward,-4.0937705
Episode,2394,Reward,-3.6978006
Episode,2395,Reward,-3.7693086
Episode,2396,Reward,-4.044988
Episode,2397,Reward,-3.8588223
Episode,2398,Reward,-4.011438
Episode,2399,Reward,-3.8753116
Episode,2400,Reward,-3.8643098
Episode,2401,Reward,-3.463597
Episode,2402,Reward,-4.2164574
Episode,2403,Reward,-4.002605
Episode,2404,Reward,-4.2011647
Episode,2405,Reward,-3.8465137
Episode,2406,Reward,-4.212156
Episode,2407,Reward,-3.9513383
Episode,2408,Reward,-3.8557177
Episode,2409,Reward,-3.8209417
Episode,2410,Reward,-3.775078
Episode,2411,Reward,-3.979589
Episode,2412,Reward,-4.227376
Episode,2413,Reward,-4.1443353
Episode,2414,Reward,-3.8918803
Episode,2415,Reward,-3.886634
Episode,2416,Reward,-3.968046
Episode,2417,Reward,-4.0917983
Episode,2418,Reward,-4.0327516
Episode,2419,Reward,-3.8297167
Episode,2420,Reward,-3.89314
Episode,2421,Reward,-3.8515787
Episode,2422,Reward,-3.933847
Episode,2423,Reward,-3.988324
Episode,2424,Reward,-3.6801083
Episode,2425,Reward,-3.848395
Episode,2426,Reward,-3.931637
Episode,2427,Reward,-4.005057
Episode,2428,Reward,-4.002354
Episode,2429,Reward,-3.586412
Episode,2430,Reward,-4.250423
Episode,2431,Reward,-3.89129
Episode,2432,Reward,-4.1741524
Episode,2433,Reward,-3.9770525
Episode,2434,Reward,-4.095359
Episode,2435,Reward,-3.904602
Episode,2436,Reward,-3.8693244
Episode,2437,Reward,-3.8733516
Episode,2438,Reward,-3.8822222
Episode,2439,Reward,-3.9519382
Episode,2440,Reward,-3.742834
Episode,2441,Reward,-3.7176588
Episode,2442,Reward,-3.7361166
Episode,2443,Reward,-3.933693
Episode,2444,Reward,-3.8579395
Episode,2445,Reward,-3.8667448
Episode,2446,Reward,-3.9828734
Episode,2447,Reward,-4.1784854
Episode,2448,Reward,-3.964248
Episode,2449,Reward,-3.7662988
Episode,2450,Reward,-4.0898542
Episode,2451,Reward,-3.9306767
Episode,2452,Reward,-4.1159644
Episode,2453,Reward,-3.8541698
Episode,2454,Reward,-4.0865965
Episode,2455,Reward,-3.7019043
Episode,2456,Reward,-3.8163664
Episode,2457,Reward,-3.9959545
Episode,2458,Reward,-3.6849399
Episode,2459,Reward,-3.7864885
Episode,2460,Reward,-3.7264543
Episode,2461,Reward,-3.8761222
Episode,2462,Reward,-3.7308314
Episode,2463,Reward,-4.0948243
Episode,2464,Reward,-3.974366
Episode,2465,Reward,-3.8762426
Episode,2466,Reward,-3.7461772
Episode,2467,Reward,-3.7290804
Episode,2468,Reward,-3.929265
Episode,2469,Reward,-4.206912
Episode,2470,Reward,-3.807654
Episode,2471,Reward,-3.985882
Episode,2472,Reward,-3.7552116
Episode,2473,Reward,-3.7711031
Episode,2474,Reward,-3.9804957
Episode,2475,Reward,-3.7485778
Episode,2476,Reward,-4.025787
Episode,2477,Reward,-3.8809032
Episode,2478,Reward,-3.7547042
Episode,2479,Reward,-3.8292923
Episode,2480,Reward,-3.7358975
Episode,2481,Reward,-3.5639534
Episode,2482,Reward,-3.4965153
Episode,2483,Reward,-3.9535604
Episode,2484,Reward,-3.9455338
Episode,2485,Reward,-3.8618157
Episode,2486,Reward,-4.1706967
Episode,2487,Reward,-3.7505777
Episode,2488,Reward,-3.9032738
Episode,2489,Reward,-3.938175
Episode,2490,Reward,-3.789738
Episode,2491,Reward,-3.905247
Episode,2492,Reward,-3.9153395
Episode,2493,Reward,-4.216468
Episode,2494,Reward,-3.7555184
Episode,2495,Reward,-3.47241
Episode,2496,Reward,-4.0442586
Episode,2497,Reward,-3.80406
Episode,2498,Reward,-3.871619
Episode,2499,Reward,-3.791287
Episode,2500,Reward,-4.0581293
Episode,2501,Reward,-4.0090227
Episode,2502,Reward,-3.6576545
Episode,2503,Reward,-3.935696
Episode,2504,Reward,-3.7850993
Episode,2505,Reward,-3.7560885
Episode,2506,Reward,-3.9356666
Episode,2507,Reward,-4.20013
Episode,2508,Reward,-3.6758814
Episode,2509,Reward,-3.5441647
Episode,2510,Reward,-3.7187328
Episode,2511,Reward,-3.936563
Episode,2512,Reward,-3.6886954
Episode,2513,Reward,-3.9193375
Episode,2514,Reward,-3.926101
Episode,2515,Reward,-3.8226457
Episode,2516,Reward,-3.7131233
Episode,2517,Reward,-4.1145115
Episode,2518,Reward,-3.8599658
Episode,2519,Reward,-3.7515779
Episode,2520,Reward,-3.881491
Episode,2521,Reward,-3.7137542
Episode,2522,Reward,-3.976832
Episode,2523,Reward,-3.7312236
Episode,2524,Reward,-4.3398633
Episode,2525,Reward,-3.923908
Episode,2526,Reward,-3.6526196
Episode,2527,Reward,-4.0156584
Episode,2528,Reward,-3.8074203
Episode,2529,Reward,-3.9144638
Episode,2530,Reward,-4.019883
Episode,2531,Reward,-3.9081445
Episode,2532,Reward,-3.9780142
Episode,2533,Reward,-3.8373184
Episode,2534,Reward,-3.9943078
Episode,2535,Reward,-4.1068773
Episode,2536,Reward,-3.718154
Episode,2537,Reward,-3.966774
Episode,2538,Reward,-3.7361963
Episode,2539,Reward,-3.8632817
Episode,2540,Reward,-3.8233147
Episode,2541,Reward,-4.253497
Episode,2542,Reward,-3.8753748
Episode,2543,Reward,-3.8491912
Episode,2544,Reward,-3.9930103
Episode,2545,Reward,-3.7356238
Episode,2546,Reward,-3.8428051
Episode,2547,Reward,-3.9125032
Episode,2548,Reward,-4.0107822
Episode,2549,Reward,-3.7265856
Episode,2550,Reward,-3.8873856
Episode,2551,Reward,-4.2559524
Episode,2552,Reward,-3.6854134
Episode,2553,Reward,-4.102308
Episode,2554,Reward,-3.8002014
Episode,2555,Reward,-4.0899825
Episode,2556,Reward,-3.9701147
Episode,2557,Reward,-4.065795
Episode,2558,Reward,-3.914621
Episode,2559,Reward,-4.1254287
Episode,2560,Reward,-3.9660013
Episode,2561,Reward,-4.1171036
Episode,2562,Reward,-4.124112
Episode,2563,Reward,-3.8836913
Episode,2564,Reward,-3.6852953
Episode,2565,Reward,-3.974091
Episode,2566,Reward,-3.9468741
Episode,2567,Reward,-4.1056337
Episode,2568,Reward,-3.7291129
Episode,2569,Reward,-3.7841735
Episode,2570,Reward,-4.0027814
Episode,2571,Reward,-3.911902
Episode,2572,Reward,-3.902186
Episode,2573,Reward,-3.65335
Episode,2574,Reward,-3.7112296
Episode,2575,Reward,-3.638357
Episode,2576,Reward,-3.9201245
Episode,2577,Reward,-4.1240478
Episode,2578,Reward,-3.607522
Episode,2579,Reward,-3.805017
Episode,2580,Reward,-3.9281335
Episode,2581,Reward,-3.9789982
Episode,2582,Reward,-3.7043905
Episode,2583,Reward,-3.9460201
Episode,2584,Reward,-4.0031977
Episode,2585,Reward,-3.7121046
Episode,2586,Reward,-3.8771012
Episode,2587,Reward,-3.9253263
Episode,2588,Reward,-3.979468
Episode,2589,Reward,-3.920542
Episode,2590,Reward,-3.9551635
Episode,2591,Reward,-3.9187357
Episode,2592,Reward,-3.8201466
Episode,2593,Reward,-3.8836331
Episode,2594,Reward,-4.0010524
Episode,2595,Reward,-4.158421
Episode,2596,Reward,-3.599815
Episode,2597,Reward,-4.0192256
Episode,2598,Reward,-4.0131226
Episode,2599,Reward,-3.7792065
Episode,2600,Reward,-3.6105623
Episode,2601,Reward,-4.0956964
Episode,2602,Reward,-3.9095936
Episode,2603,Reward,-3.9480705
Episode,2604,Reward,-3.7097225
Episode,2605,Reward,-3.6456966
Episode,2606,Reward,-3.6685216
Episode,2607,Reward,-4.041543
Episode,2608,Reward,-4.2199044
Episode,2609,Reward,-3.9007356
Episode,2610,Reward,-3.8063183
Episode,2611,Reward,-3.829524
Episode,2612,Reward,-3.9724967
Episode,2613,Reward,-3.7574463
Episode,2614,Reward,-3.7469003
Episode,2615,Reward,-3.900895
Episode,2616,Reward,-4.133702
Episode,2617,Reward,-3.936703
Episode,2618,Reward,-3.6378624
Episode,2619,Reward,-4.1540074
Episode,2620,Reward,-3.8203979
Episode,2621,Reward,-3.865224
Episode,2622,Reward,-3.7118928
Episode,2623,Reward,-3.876958
Episode,2624,Reward,-4.170069
Episode,2625,Reward,-3.5618823
Episode,2626,Reward,-3.7893734
Episode,2627,Reward,-3.926451
Episode,2628,Reward,-3.9301229
Episode,2629,Reward,-3.8029318
Episode,2630,Reward,-4.2662683
Episode,2631,Reward,-3.7407894
Episode,2632,Reward,-3.6306798
Episode,2633,Reward,-3.9840982
Episode,2634,Reward,-3.7010088
Episode,2635,Reward,-3.828527
Episode,2636,Reward,-3.7957332
Episode,2637,Reward,-3.5378244
Episode,2638,Reward,-3.892994
Episode,2639,Reward,-3.8760796
Episode,2640,Reward,-3.7097468
Episode,2641,Reward,-3.719134
Episode,2642,Reward,-4.127734
Episode,2643,Reward,-3.7544758
Episode,2644,Reward,-3.771097
Episode,2645,Reward,-3.7892404
Episode,2646,Reward,-3.7723722
Episode,2647,Reward,-3.8502035
Episode,2648,Reward,-3.6979215
Episode,2649,Reward,-3.799632
Episode,2650,Reward,-3.7381086
Episode,2651,Reward,-4.062045
Episode,2652,Reward,-3.9155705
Episode,2653,Reward,-4.078407
Episode,2654,Reward,-3.8934212
Episode,2655,Reward,-3.7400894
Episode,2656,Reward,-3.5627239
Episode,2657,Reward,-3.886967
Episode,2658,Reward,-3.663614
Episode,2659,Reward,-3.5542333
Episode,2660,Reward,-4.140982
Episode,2661,Reward,-4.1593986
Episode,2662,Reward,-3.7804594
Episode,2663,Reward,-3.759529
Episode,2664,Reward,-4.0121765
Episode,2665,Reward,-3.7500505
Episode,2666,Reward,-3.5104272
Episode,2667,Reward,-3.8654606
Episode,2668,Reward,-3.8487582
Episode,2669,Reward,-3.569116
Episode,2670,Reward,-3.5560741
Episode,2671,Reward,-3.9360979
Episode,2672,Reward,-3.7526147
Episode,2673,Reward,-3.928807
Episode,2674,Reward,-3.794555
Episode,2675,Reward,-3.8780737
Episode,2676,Reward,-3.8643575
Episode,2677,Reward,-3.8769336
Episode,2678,Reward,-4.158326
Episode,2679,Reward,-3.9686759
Episode,2680,Reward,-4.0115266
Episode,2681,Reward,-3.9784908
Episode,2682,Reward,-3.8973637
Episode,2683,Reward,-3.6817634
Episode,2684,Reward,-3.6532235
Episode,2685,Reward,-3.5391424
Episode,2686,Reward,-3.947937
Episode,2687,Reward,-4.0792594
Episode,2688,Reward,-3.9168723
Episode,2689,Reward,-4.2521653
Episode,2690,Reward,-3.963825
Episode,2691,Reward,-3.9828637
Episode,2692,Reward,-3.959468
Episode,2693,Reward,-4.122574
Episode,2694,Reward,-3.7445867
Episode,2695,Reward,-3.8395696
Episode,2696,Reward,-3.8916118
Episode,2697,Reward,-4.063784
Episode,2698,Reward,-3.8728044
Episode,2699,Reward,-3.925764
Episode,2700,Reward,-3.9844108
Episode,2701,Reward,-4.0308065
Episode,2702,Reward,-3.8336048
Episode,2703,Reward,-3.8584123
Episode,2704,Reward,-3.9812715
Episode,2705,Reward,-3.6774821
Episode,2706,Reward,-4.192265
Episode,2707,Reward,-3.9189587
Episode,2708,Reward,-3.666023
Episode,2709,Reward,-3.8921266
Episode,2710,Reward,-3.906762
Episode,2711,Reward,-4.265188
Episode,2712,Reward,-3.9675298
Episode,2713,Reward,-3.890283
Episode,2714,Reward,-3.6648686
Episode,2715,Reward,-3.8078775
Episode,2716,Reward,-3.9244254
Episode,2717,Reward,-3.7541625
Episode,2718,Reward,-3.8888404
Episode,2719,Reward,-3.786913
Episode,2720,Reward,-3.9021566
Episode,2721,Reward,-3.9203646
Episode,2722,Reward,-3.8775513
Episode,2723,Reward,-3.7587671
Episode,2724,Reward,-4.0635166
Episode,2725,Reward,-4.2037015
Episode,2726,Reward,-3.6906455
Episode,2727,Reward,-3.8339422
Episode,2728,Reward,-3.9095442
Episode,2729,Reward,-3.7440267
Episode,2730,Reward,-3.6640527
Episode,2731,Reward,-3.8873339
Episode,2732,Reward,-4.236507
Episode,2733,Reward,-3.8876083
Episode,2734,Reward,-3.9878173
Episode,2735,Reward,-3.8741386
Episode,2736,Reward,-3.5647912
Episode,2737,Reward,-3.6495464
Episode,2738,Reward,-3.8904953
Episode,2739,Reward,-3.732847
Episode,2740,Reward,-3.699729
Episode,2741,Reward,-3.5360153
Episode,2742,Reward,-3.8154085
Episode,2743,Reward,-4.040858
Episode,2744,Reward,-3.9183383
Episode,2745,Reward,-3.8015943
Episode,2746,Reward,-3.6924613
Episode,2747,Reward,-3.698538
Episode,2748,Reward,-3.6918905
Episode,2749,Reward,-3.7374516
Episode,2750,Reward,-3.5888972
Episode,2751,Reward,-3.8810017
Episode,2752,Reward,-3.7921298
Episode,2753,Reward,-4.083045
Episode,2754,Reward,-3.940566
Episode,2755,Reward,-3.9335806
Episode,2756,Reward,-3.8712687
Episode,2757,Reward,-4.0379405
Episode,2758,Reward,-3.9353447
Episode,2759,Reward,-3.7930794
Episode,2760,Reward,-3.8211906
Episode,2761,Reward,-3.682453
Episode,2762,Reward,-3.7966216
Episode,2763,Reward,-3.646064
Episode,2764,Reward,-3.9519808
Episode,2765,Reward,-3.9231417
Episode,2766,Reward,-3.8364103
Episode,2767,Reward,-3.9481237
Episode,2768,Reward,-3.7521257
Episode,2769,Reward,-3.5149658
Episode,2770,Reward,-3.9046016
Episode,2771,Reward,-3.9721518
Episode,2772,Reward,-3.969108
Episode,2773,Reward,-3.6808283
Episode,2774,Reward,-3.7204752
Episode,2775,Reward,-3.6804469
Episode,2776,Reward,-3.8044262
Episode,2777,Reward,-3.7595444
Episode,2778,Reward,-4.061479
Episode,2779,Reward,-3.8944001
Episode,2780,Reward,-3.9581628
Episode,2781,Reward,-3.9226887
Episode,2782,Reward,-3.7729166
Episode,2783,Reward,-3.679702
Episode,2784,Reward,-3.755385
Episode,2785,Reward,-3.5125778
Episode,2786,Reward,-3.9662914
Episode,2787,Reward,-3.6897612
Episode,2788,Reward,-4.0624127
Episode,2789,Reward,-3.8696284
Episode,2790,Reward,-3.9378605
Episode,2791,Reward,-3.9210556
Episode,2792,Reward,-3.8936918
Episode,2793,Reward,-3.7370377
Episode,2794,Reward,-3.8927352
Episode,2795,Reward,-3.8619173
Episode,2796,Reward,-3.754406
Episode,2797,Reward,-3.993549
Episode,2798,Reward,-3.833078
Episode,2799,Reward,-3.7332113
Episode,2800,Reward,-4.156487
Episode,2801,Reward,-3.6435027
Episode,2802,Reward,-3.8503313
Episode,2803,Reward,-3.899034
Episode,2804,Reward,-3.5370328
Episode,2805,Reward,-3.9132254
Episode,2806,Reward,-4.0358095
Episode,2807,Reward,-3.9833512
Episode,2808,Reward,-3.7608805
Episode,2809,Reward,-4.1311326
Episode,2810,Reward,-3.465109
Episode,2811,Reward,-3.7306893
Episode,2812,Reward,-4.0289683
Episode,2813,Reward,-3.7281926
Episode,2814,Reward,-3.7591293
Episode,2815,Reward,-3.5541744
Episode,2816,Reward,-3.8190262
Episode,2817,Reward,-3.8006132
Episode,2818,Reward,-3.7267587
Episode,2819,Reward,-3.6709082
Episode,2820,Reward,-3.9646077
Episode,2821,Reward,-4.0766244
Episode,2822,Reward,-4.004312
Episode,2823,Reward,-3.9269109
Episode,2824,Reward,-3.6775553
Episode,2825,Reward,-4.118687
Episode,2826,Reward,-3.675754
Episode,2827,Reward,-3.8695655
Episode,2828,Reward,-3.71068
Episode,2829,Reward,-3.8478923
Episode,2830,Reward,-3.863278
Episode,2831,Reward,-3.9444637
Episode,2832,Reward,-3.9979281
Episode,2833,Reward,-3.649056
Episode,2834,Reward,-3.5340486
Episode,2835,Reward,-3.7262838
Episode,2836,Reward,-3.8692126
Episode,2837,Reward,-3.7420537
Episode,2838,Reward,-4.0706506
Episode,2839,Reward,-4.120798
Episode,2840,Reward,-4.004598
Episode,2841,Reward,-3.6806135
Episode,2842,Reward,-3.648252
Episode,2843,Reward,-4.0720205
Episode,2844,Reward,-4.006311
Episode,2845,Reward,-3.8974996
Episode,2846,Reward,-3.7644238
Episode,2847,Reward,-3.8756258
Episode,2848,Reward,-3.7684274
Episode,2849,Reward,-3.6904955
Episode,2850,Reward,-3.7925742
Episode,2851,Reward,-3.893147
Episode,2852,Reward,-3.6370194
Episode,2853,Reward,-4.140768
Episode,2854,Reward,-3.9247558
Episode,2855,Reward,-3.7512748
Episode,2856,Reward,-3.7002938
Episode,2857,Reward,-4.0173097
Episode,2858,Reward,-4.024247
Episode,2859,Reward,-3.802621
Episode,2860,Reward,-3.508227
Episode,2861,Reward,-3.8128364
Episode,2862,Reward,-3.9982252
Episode,2863,Reward,-3.8343132
Episode,2864,Reward,-3.7317
Episode,2865,Reward,-3.8200874
Episode,2866,Reward,-3.8946567
Episode,2867,Reward,-3.7964933
Episode,2868,Reward,-4.186694
Episode,2869,Reward,-4.0599933
Episode,2870,Reward,-3.9041166
Episode,2871,Reward,-3.7299275
Episode,2872,Reward,-3.755253
Episode,2873,Reward,-4.1198754
Episode,2874,Reward,-3.620153
Episode,2875,Reward,-3.9226277
Episode,2876,Reward,-4.2413816
Episode,2877,Reward,-3.6759741
Episode,2878,Reward,-3.6369584
Episode,2879,Reward,-3.4713054
Episode,2880,Reward,-3.6255395
Episode,2881,Reward,-3.8050163
Episode,2882,Reward,-3.73733
Episode,2883,Reward,-4.0040293
Episode,2884,Reward,-3.678228
Episode,2885,Reward,-3.9995968
Episode,2886,Reward,-3.678802
Episode,2887,Reward,-3.580861
Episode,2888,Reward,-3.9743912
Episode,2889,Reward,-3.9399772
Episode,2890,Reward,-3.8154666
Episode,2891,Reward,-3.606864
Episode,2892,Reward,-4.0804677
Episode,2893,Reward,-4.131055
Episode,2894,Reward,-3.8724227
Episode,2895,Reward,-3.7271752
Episode,2896,Reward,-3.8913264
Episode,2897,Reward,-4.0571127
Episode,2898,Reward,-3.8258235
Episode,2899,Reward,-3.6476848
Episode,2900,Reward,-3.9319785
